Ingresos,Historial_Credito,Deuda_Actual,Edad,Aprobado
57450.71229516849,727,31934.07010150745,42,1
47926.03548243223,604,29993.160953009952,20,0
59715.32807151039,616,35429.0548811903,32,1
72845.44784612038,308,12634.239950365507,46,1
46487.69937914996,372,26105.825099743743,60,0
46487.945645762295,658,6107.015337609036,49,1
73688.19223261088,522,19841.055054595814,43,1
61511.52093729363,715,24895.686362441957,33,1
42957.88421097572,669,32958.98871772815,42,1
58138.40065378947,563,47576.02157672397,45,0
43048.734607813065,617,30431.90226086944,26,0
43014.05369644615,383,37436.10189265143,18,0
53629.43407349051,617,25807.036915264936,46,1
21300.79633013303,410,32071.097537440233,39,0
24126.23251230451,550,4475.678590554899,33,1
41565.68706138541,682,13465.187461250502,58,1
34807.53319498364,306,18730.801567051796,68,0
54713.709988929106,758,24152.174395319165,61,1
36379.638867181835,383,3236.788529616803,68,1
28815.44447997063,507,7861.180780112567,58,1
71984.7315338233,689,14563.901081773984,24,1
46613.355492701965,613,48605.10185415148,31,0
51012.92307031886,321,17236.00334804949,46,0
28628.77720679815,709,24620.011847492045,36,0
41834.25913212226,814,10608.787924181253,36,1
51663.83884564799,426,30928.223482712645,19,0
32735.09633866546,313,14753.477560282741,58,0
55635.47027518508,311,11142.636343482913,62,1
40990.419651217926,386,26312.058793852975,32,0
45624.593753100846,823,1269.7841588606202,20,1
40974.40081655905,836,1375.537599812041,28,1
77784.17276763407,600,11734.37164599103,63,1
49797.541628930994,542,2799.346762540236,47,1
34134.3360656615,421,6293.261952403877,57,1
62338.173681547836,446,17604.171817598828,35,1
31687.345250434668,655,40326.69829941083,68,0
53132.95392507133,608,29030.38352509574,65,1
20604.948141803365,587,26120.718571864403,19,0
30077.209266523543,606,15380.952337197961,49,1
52952.91853803685,848,46655.932252208004,25,0
61076.99869993116,651,20453.737020622393,39,1
52570.524217849554,611,5267.5455729928035,23,1
48265.27576417639,358,31236.259289772264,29,0
45483.444566160666,334,6578.081280353469,64,1
27822.17014448859,744,17915.93399728291,57,1
39202.33687407937,392,25863.184997172633,53,0
43090.41843560319,506,43836.90370957361,32,0
65856.83339328374,652,25183.782436665813,45,1
55154.27434352692,631,35410.67953555155,69,1
23554.39766955899,458,49648.02511095445,66,0
54861.25954092192,323,7442.9668750011,62,1
44223.76579375525,703,14461.844750456456,35,1
39846.169995410615,815,20334.227704284673,19,1
59175.14433261302,663,21669.580748402735,30,1
65464.99283743926,681,21140.032688011743,62,1
63969.20178674298,831,45472.939125271194,32,1
37411.73715166042,451,35987.59957887597,37,0
45361.81436223178,719,30787.355490444483,46,1
54968.95147105346,549,16159.263175276323,59,1
64633.17690683539,416,41365.72882684344,46,0
42812.38643232065,811,47797.96506276446,20,0
47215.115350042746,634,41238.7158449611,36,0
33404.97538990958,717,1076.6901543821723,20,1
32056.90063878994,594,32183.667138986944,31,0
62187.88733591297,670,3505.6336906629354,57,1
70343.60042856235,485,13622.75379635237,21,1
48919.848176294996,545,3916.7103170408127,69,1
65052.99346838036,567,30585.97719452,28,0
55424.54037571451,536,34642.905761137736,48,0
40323.203680923136,829,6609.894265229351,60,1
55420.934082626205,320,19808.105269203996,49,1
73070.54849698953,819,23355.58893882156,44,1
49462.60941335073,399,19083.598066284914,47,1
73469.6548372101,777,6930.225023774459,60,1
10703.823438653832,597,21528.441719186296,19,0
62328.53756562836,825,37807.72434261249,66,1
51305.706023572566,633,4479.375562129518,26,1
45514.88974301199,301,4928.820690013269,45,1
51376.41164803253,674,18383.793299963225,48,1
20186.46628098661,592,47144.55986932733,51,0
46704.92168243732,617,33760.05968942279,32,0
55356.6885726762,801,34254.82787695568,65,1
72168.41067112274,680,18734.079551055383,42,1
42225.94672589529,313,30089.378769218383,53,0
37872.595956602185,803,1496.4280173594257,25,1
42473.64434623195,530,32168.70627406757,26,0
63731.03176553111,383,45751.0604312356,54,0
54931.266644895266,429,31016.09994889614,65,0
42053.59694349442,444,43811.231079850906,62,0
57699.01149670034,327,36474.6797178386,56,0
51456.16324022061,365,6907.362403780822,49,1
64529.674857993334,462,45220.21205700625,69,0
39469.203591839716,528,4255.748373432969,34,1
45085.067801033474,560,27164.406154840424,52,1
44118.377703017635,748,7964.719065879425,54,1
28047.275778018222,723,1573.6239258142991,36,1
54441.80415596864,759,21679.67874625431,61,1
53915.82908269834,600,15456.994675053656,46,1
50076.70184963691,602,24814.024196082548,24,1
46481.1929993728,586,29282.79444999299,45,0
28769.438869243786,694,3143.2145431384206,26,1
43690.320158519615,309,7027.161461063536,45,1
44859.282252098456,569,28373.477426070844,23,0
37965.84096167571,660,17815.200305460254,46,1
47580.71432500986,556,36729.50088992295,34,0
56060.762852218075,432,32962.29078100504,33,0
78292.78851815795,575,42434.61378650543,40,0
52618.66719247759,812,34932.14850679204,48,1
53863.25586084147,612,22066.622792117258,20,1
48883.311263507494,583,33975.36449732719,38,1
21218.431770514377,420,14493.677538515507,43,0
49602.291868261746,406,16009.361440132421,53,1
50903.4531491154,503,39660.27283611887,59,0
86948.6316872793,464,22874.556303677527,54,1
47114.58552828316,604,40120.63668539927,39,0
54523.210135004185,796,41298.69630974564,59,1
49479.32345442135,455,43020.554545402905,29,0
32469.82943570702,666,45915.12655621916,59,0
67142.34221772531,550,22118.275805151516,30,1
61278.99549030161,633,16624.4740977358,28,1
61865.47920564571,810,29527.73858311158,33,1
36359.18817807891,592,19187.448748443752,25,1
71041.91466404148,319,30452.634173211416,57,0
28972.234058115788,581,35573.707269547405,57,0
58802.85640700405,300,34731.84590611471,62,0
82856.83438714968,418,19353.091463985947,19,1
35141.955123039676,334,9176.149883238888,47,1
41505.53405595842,497,22095.93758464817,47,1
51494.77047631462,784,7987.113060013528,29,1
42447.86518825701,358,44614.754724006605,27,0
26740.04853400801,460,17947.99557615501,61,0
51028.44462209041,505,8568.527613942864,28,1
34065.44429410843,311,2246.940235381793,32,1
57103.88645952773,789,32645.29692803773,33,1
36208.63648649295,575,32208.21355528242,34,0
73249.01607526309,541,17689.60416248329,43,1
38251.20061495644,515,4513.882553534899,19,1
45169.07725691487,550,21071.81584986637,67,1
62202.758260545044,425,16249.657258106285,29,1
31537.03525349067,516,34178.911347015455,68,0
53411.899019061944,605,30683.183223181826,43,1
69607.14131423642,484,18865.09268167946,40,1
25887.75148158159,338,11676.735158494515,35,0
52769.507877984564,522,49413.762341624,49,0
53898.24191372635,483,23246.079438609628,66,1
61727.34307665966,794,34725.43755323162,55,1
31445.73933682877,726,7887.095411339678,64,1
30193.150803735854,477,24793.895283310492,20,0
57829.12348425346,727,2349.2992736038086,55,1
54454.77009849779,593,25767.300777612047,20,1
53757.39275518815,450,48236.85294876742,47,0
55196.72314245463,683,19826.128936304212,18,1
39799.62917632264,607,2910.804616170668,47,1
53483.80545741505,635,2516.8337550478327,62,1
54396.08709948022,674,20011.351237396604,49,1
39284.72872960448,307,8841.221886696509,45,1
77986.61766717135,640,2144.2527200811096,38,1
57107.49381367681,428,38054.467083558666,63,0
32130.44754196027,651,23467.627435212642,30,1
59848.30412950744,657,15172.993826660071,44,1
35379.77494659018,816,45104.075967807556,53,0
61806.26905613678,794,6690.809049825755,24,1
67378.93368511106,385,47840.02261881064,39,0
37689.76522472434,474,16384.36915149029,27,1
64450.64193866483,492,44531.77994312538,56,0
56191.71390404747,610,30544.200947493617,32,1
62330.90239991735,418,41508.66062733289,32,0
78451.89473980921,517,49216.64499731275,21,0
46319.17825995694,726,15131.86645311854,49,1
38693.95753463766,713,48095.638784972056,40,0
36657.28355561715,413,20084.612850218597,23,0
37762.845725518426,444,19890.083332109192,41,0
48843.47435878844,837,17678.968108470777,37,1
55117.279622249654,602,27528.972760031673,54,1
54150.36198995029,644,8553.107115745868,37,1
62407.74873554036,300,28131.862782542546,29,1
50195.02837816861,446,27543.535808090197,50,0
71803.01115735975,586,38333.18881763863,45,0
46030.147501430656,352,41848.84813494169,25,0
90802.53749884429,603,22581.62616530878,18,1
59385.01021647509,368,15814.329218223194,54,1
37142.63665375576,660,13707.40996853763,39,1
33936.612529083315,519,10536.567998538725,23,1
57237.08622864778,460,3824.7315277522193,38,1
46648.05822011224,388,17779.950962900955,49,1
60710.007411381375,458,14242.13691440838,52,1
57098.56436860317,788,48354.45190745396,32,0
48907.56631014691,623,28327.732486252153,22,1
37298.094228973925,680,18016.57491249487,63,0
27277.291629712032,401,29442.912448691102,67,0
43302.275718994686,793,7820.638365939079,65,1
62845.981914852084,318,22758.14371090794,23,1
53211.40616195306,753,31685.481749632127,42,1
31313.91831932018,781,24955.993757830118,63,0
52597.71388776773,696,20687.161232061888,57,1
55779.76069593255,578,49698.57105608521,46,0
36742.138456983004,664,44135.42334529742,24,0
52305.87658918292,630,31546.891949812565,57,1
50873.13077669,643,28899.490697931855,30,1
32855.44553254065,754,31412.36351140462,55,0
55366.81040522425,364,10864.29328329923,35,1
58411.76789552352,375,20361.74941995161,19,0
66245.76864762916,442,2933.517111654067,25,1
65807.03078052355,772,24301.755836854507,28,1
29334.959480643633,716,27608.204613925496,50,0
35932.62440127316,604,12159.73706905727,55,1
57725.529008129895,796,48237.41351111017,65,0
57706.78926368313,590,45563.27593592486,44,0
57725.715294590715,401,36385.01853733939,37,0
107790.97235982082,566,27135.944809502766,29,1
58563.35766039751,302,43628.48882273656,60,0
67033.48460270898,384,7401.964847349683,48,1
64310.02645239804,627,39734.97991946936,44,1
59770.868769586974,749,7116.219884375567,49,1
45270.96133039481,753,39916.322464920864,27,0
61384.53830739901,520,14512.61084431649,20,1
38407.621781936425,453,43977.438469891254,62,0
46447.72089889987,311,47258.06259744449,44,0
42719.54678256345,432,8291.002500850667,52,1
51228.112090794835,603,23671.104648204284,48,1
84719.87850010264,592,49068.38152997157,32,1
21991.02211112378,599,24686.964362684183,33,0
60293.9028556177,342,43313.828603212714,30,0
25809.261932155227,642,29847.84458443467,66,0
42921.0220131585,625,19391.16548806049,52,1
66334.25895451049,797,15003.39422076764,69,1
50964.200286431944,663,10957.931463218276,28,1
33833.82833106041,726,38328.111377507164,38,0
39270.444361100475,320,19940.484834328367,68,0
60193.96623402014,706,26052.497647836808,28,1
39044.50052424295,635,25123.948520057915,47,0
53246.878843729624,416,29286.67243242343,65,0
50683.5775985572,423,43413.28013560306,52,0
40225.99478591274,698,49056.22783558804,39,0
82159.16133987988,350,20971.62622011703,55,1
59508.78533477017,623,41548.42718320885,48,0
19622.861200135892,440,38461.861938081165,31,0
52796.814721541414,769,29102.91862132309,41,1
40073.20302847418,633,47846.31003698472,67,0
62786.50002194336,672,10823.251260891737,66,1
38112.188923509486,793,6353.946305171449,49,1
48278.95337799651,838,42844.13638081568,53,0
57574.80918470686,455,22518.341015053666,49,1
62986.327912551824,590,42501.47385614596,32,0
31995.553894163357,443,44761.420054575334,60,0
44982.481462385775,405,4060.4220873345007,52,1
42875.82033258566,719,44289.77338631697,20,0
40200.06151139432,301,22967.633713101688,33,0
76481.81360421646,389,26011.19196120738,22,1
56074.725664414334,644,31703.033043567302,38,1
31086.740684974324,649,46392.74772977425,27,0
63767.92920582164,758,1936.6886270584373,36,1
81832.3429551895,562,24365.32994757304,42,1
65486.97890826721,650,34698.38007909747,21,1
27209.4505106898,407,36412.64092721319,46,0
42736.48890700623,338,34934.08914531829,36,0
69003.66723779934,458,7587.321340997971,60,1
39384.958015718286,611,15670.38383021238,19,1
56657.291422193426,540,18577.06074543366,27,1
61619.510801440054,744,40417.42317629574,60,0
36096.04292632875,597,14659.233748313098,42,1
49107.119659072996,335,11324.543229492956,37,1
1380.9898989639114,383,47914.95293286671,65,0
34634.185379985654,751,1434.3009705599761,36,1
46211.4777291026,684,49893.22192841693,40,0
31283.252270527257,471,34164.243644012386,41,0
74486.16955897454,675,41594.995673006735,28,1
28547.87933059051,661,15436.350420963465,63,1
43399.332699545244,440,1701.448605685939,51,1
51961.10865929137,417,37155.60640951497,45,0
71619.09933599173,576,41873.08525303311,22,0
28462.06773230841,519,37283.330465722436,22,0
67447.45628232439,325,7999.664077741091,68,1
50153.4959152938,820,37917.968190591484,38,0
35277.37023428074,309,38677.216323274406,29,0
56931.55211394906,677,33268.485267832686,67,1
52985.895433602054,451,38539.68070698372,21,0
40996.74684261808,348,42450.150544208875,66,0
51047.031274850284,453,31066.60159763546,59,0
44220.2960470736,592,5341.630984514274,37,1
51702.76017876872,349,24893.76267369333,55,0
59931.9601178157,830,4804.817398908648,42,1
73790.25224218029,359,20969.60852058911,31,1
31432.767517597265,466,20948.217967155753,28,0
81995.500619844,501,4234.482362871837,49,1
20718.68300716247,445,18092.206164504485,28,0
47723.22357446625,738,6438.906840774427,35,1
58824.75809726865,541,40603.525290451886,44,0
54214.87801602549,782,47436.71327225907,35,0
40659.50720269109,407,4543.507287638991,40,1
46878.16624464087,525,47800.645157293366,28,0
42604.985980117504,731,26606.253367500514,38,1
41159.52864583683,718,15678.718219739822,61,1
62744.03145531537,754,4766.241688532013,22,1
55355.23228947571,459,25530.589135450475,40,1
39606.35607109019,822,39931.261680046686,58,0
63493.99813149876,376,35647.23738606821,42,0
54609.49281314914,808,3461.0745617347143,58,1
62192.931782584405,740,4572.189933027272,27,1
59444.432628854185,553,20740.79084899922,39,1
37565.07483616892,619,15469.23420834922,36,1
41597.284397045456,562,12386.831829746345,18,1
61209.40407684893,673,14769.220446526966,24,1
59155.55398150197,466,40370.65442154735,21,0
49686.47609053778,758,46532.17462796084,18,0
51759.91074963173,579,20850.032031850755,32,0
69164.97343682637,601,45399.439104492354,57,0
41126.42916746255,830,16753.289361146217,29,1
58206.460717550566,517,24345.41233084579,39,0
46967.110213491585,401,12075.420892983986,39,1
46734.78195159169,587,32383.326066616355,67,0
66481.65277980786,466,48970.07464356563,64,0
62381.245234820446,335,30571.161706125553,34,0
62202.644540009576,652,18532.890121563894,46,1
69582.18210731493,372,32743.05485353589,63,1
50315.05762449138,652,7023.113244803991,31,1
60229.294569424455,369,44544.29493300453,67,0
45345.99865109816,724,25651.11358821198,37,1
54862.49528732663,816,23018.137359942462,67,1
48047.85418448473,727,29707.37463422244,65,1
51454.93947489077,838,31614.40927668072,50,1
58927.3553815537,459,4517.014505099138,60,1
37726.689751497914,448,34448.24383994672,32,0
81385.8091352819,529,12854.652335460949,29,1
34909.73927750447,366,35983.6789928229,57,0
31787.17080818402,680,41304.20492482564,37,0
67371.66310250101,357,40393.96687007349,47,0
61874.94040944404,558,28072.547402986565,55,0
59361.79725578232,641,26488.324723226808,20,1
59425.1826389642,429,8000.922105631174,45,1
49816.29840729628,471,38991.96136975364,43,0
36541.18442771253,508,14299.059641889004,47,1
51137.068372905895,653,25338.07571807938,30,1
39842.574327318325,770,14929.43055344832,30,1
64626.796001266266,415,7557.589786984964,19,1
47794.13927746792,563,31848.32714769509,54,0
37617.54204811233,741,3662.2697063222877,66,1
45179.2123752051,847,37683.6164721838,55,1
56193.97181413436,752,16561.752967794717,19,1
41544.13170794038,776,1006.5999572197807,53,1
37666.69406650353,586,26045.327822624262,43,0
53655.30817237868,602,3295.743517852553,28,1
53674.49856663084,610,14532.308333224075,25,1
42395.85236943305,507,35641.84788533009,61,0
42934.425415725156,745,4071.7914594714275,57,1
53480.74906036454,354,42127.58612544411,60,0
28278.734877540137,311,1187.1762102705723,39,1
28888.043384351673,699,13094.36959089321,37,1
39223.33668121346,814,37304.298751451504,25,1
46798.292724322295,841,16497.237336736034,46,1
54663.61348397007,536,5992.727015234663,57,1
72130.34325424329,578,18651.462021220967,43,1
62864.89434803029,647,14249.27103284175,47,1
47600.922050548594,403,42292.88320586719,34,0
49714.75688145967,816,16354.047961672013,37,1
34962.05953043287,547,39657.691117024355,69,0
49722.30296011415,663,44701.735095726,33,0
45670.120416197926,620,22257.053559249947,63,1
54840.778405071345,585,45587.21404886521,60,0
37591.53584671515,448,19488.58464419645,24,0
57790.197713617585,383,48239.8424080153,33,0
72991.08369503866,705,5375.186701753073,62,1
48368.597773147136,755,34663.9440586589,64,1
56025.67583148412,460,25196.887982389504,65,0
60352.159875666686,759,19994.791467326708,44,1
43981.692921712456,849,32002.882058681444,40,1
53361.38722715625,799,35488.99749008223,41,1
50188.88601172692,808,1213.8002128651453,26,1
51465.14147823248,780,9180.701348612736,52,1
38404.853242168,413,35939.25648108162,68,0
50367.652613884144,660,33652.885265332116,37,0
57469.974368681746,640,48336.32775130518,54,0
71767.15411692562,748,38290.85172228837,59,1
64389.0623912781,479,47587.86267883556,34,0
82297.73686267334,706,35424.48457520554,64,1
38489.78655667926,495,15604.558223332715,48,1
63084.80955081017,765,6162.881190291967,25,1
52750.130086075274,610,39309.36930390185,32,0
82847.04399826509,561,32563.31185231988,48,1
37875.525719672725,718,3361.114607271515,47,1
37404.17236728836,705,18642.472829147937,63,1
41009.11031833967,442,47883.190958730025,37,0
18141.564135352895,641,25519.65613979986,56,0
42113.674674788585,615,22203.72766496553,29,1
38613.01007669453,400,23427.280652805406,66,0
52255.906797143114,543,11235.253476253023,34,1
55126.339636657394,789,19066.651372374967,59,1
78142.56258823829,311,19120.849543371656,47,1
64256.35757279075,538,3565.3959891861477,46,1
41346.44516506395,341,38610.813797377996,36,0
36523.77992977463,728,21408.71716329007,63,1
57378.78757259758,457,41286.81445400474,28,0
30196.501894690366,515,42667.052054874875,51,0
77471.8814878153,761,11387.708680234246,67,1
67691.60181081931,433,33210.320626336295,24,0
42962.365218429426,366,24141.808403986102,61,0
24302.98206363684,306,44127.68015815277,51,0
70308.0856124812,825,11571.293279646252,37,1
48281.902321210735,372,34212.84681519217,67,0
68567.24467960192,698,30779.853990383406,55,1
26083.585118084495,704,15469.772401019807,41,1
41009.374655693406,429,7693.444278907458,27,1
50078.65549577275,765,32930.34826338655,49,1
50704.70890647113,505,37191.2754484842,69,0
43249.01792781134,565,16465.73984440415,32,1
59342.748985212485,836,32596.797597093377,54,1
33985.69355926108,552,20361.41447296366,37,1
47864.3077246806,588,35947.13728084827,20,0
51804.434475678485,463,10761.548469808602,54,1
57716.582510881235,394,44620.535129172546,57,0
60674.223171333346,409,15083.070226813406,25,1
33130.36862243196,635,19021.51340005149,57,1
26988.287438965664,537,3846.5056519371396,61,1
69165.15232847763,680,6464.098403742543,40,1
54984.71017969387,735,26277.233232904076,57,1
38772.701951651696,782,14112.041159670604,28,1
73267.27963283785,324,41938.531061367525,63,0
51735.11951439288,416,1719.9760440927384,25,1
67689.45776095739,781,19575.60838492487,46,1
51012.777221151635,691,17529.93179168554,47,1
80911.21887322981,836,1947.0539149624506,27,1
76330.11263664806,378,7094.051551025001,56,1
46265.5377728139,472,21268.49107101313,45,1
64573.56426431533,311,25150.364637924886,66,1
59680.639243777216,427,20810.197615488585,53,1
70529.47336298523,391,27015.946242192596,30,1
35526.14809129843,842,30161.452070378396,49,0
60290.77189997659,831,1486.2672352639458,53,1
65876.36730274382,746,23740.66281322169,54,1
23618.907703653287,689,48211.46280349183,43,0
32251.122310013372,342,26432.581726347886,39,0
19411.51733359849,553,34199.57110548871,21,0
45958.89748333163,429,16281.329037927277,48,1
60763.133836939436,359,38925.57752948537,35,0
72535.35578144042,766,38873.15261192964,55,1
51111.42170629663,586,26543.506335052807,41,1
74429.23318356938,816,48824.67734068147,40,0
29298.47812677663,766,7151.960523370016,39,1
24449.26340967268,644,1830.4355795894687,19,1
49166.78451655072,681,38737.752376097706,48,0
55760.98173408961,552,40550.62133087924,28,0
49509.578778588606,355,6890.154226908236,45,1
18988.36849940185,762,14013.558814971697,63,1
48663.19940730817,756,1860.0658049648164,49,1
30432.957492427202,382,15372.12192824767,22,0
60045.08823245058,398,38883.951822014904,55,0
55498.973691452724,448,26380.06585791637,27,1
35901.80320508967,628,18056.684065246118,57,1
42291.9962399496,455,19215.225450410184,63,0
34111.79717166573,489,1066.3276600579395,41,1
49059.813540902425,793,15690.225850696559,52,1
64327.134807518574,562,32676.478340258593,61,1
35214.10930496684,379,48735.5277470015,65,0
57560.697732767665,699,42505.98052221107,40,0
42046.13572441339,559,2156.153267630927,34,1
38106.907516064835,400,45029.46962906713,18,0
48394.544600681635,658,39376.72225163267,48,0
34471.365163709386,679,39238.43005497804,48,0
41695.26041979227,520,23441.792191175,59,0
32031.831611167272,719,20502.25935477064,59,1
79470.87699374584,423,15842.870712826438,51,1
50528.95327957593,721,4219.048088763922,26,1
39504.117380111216,530,12183.532811191257,39,1
53209.69866101333,362,13083.578113923206,30,1
48315.07925463755,784,24719.77641579988,42,1
46685.45600700165,782,37624.775923238005,65,0
59212.50050065138,818,24216.681591499382,35,1
61362.61565070957,454,3834.3780229108697,68,1
42042.48278584209,391,47931.70024842199,29,0
41362.7263903298,825,47193.4916356115,57,0
45874.22454272534,754,39474.28761427201,34,0
15471.18252896623,809,49575.06717664681,32,0
27272.134067021718,482,27679.634307212884,59,0
70503.11401166787,685,48175.6491624071,32,0
74674.51570251926,704,4704.646990220788,32,1
46264.45940665432,545,18918.356664807194,56,1
58648.35444583649,770,12043.682132331525,30,1
54668.75231815304,722,10595.821122579231,34,1
96183.21212682856,364,7899.344495741128,49,1
66793.62367151865,312,31498.268436733837,26,0
48081.2361277885,512,39284.770931617946,57,0
35666.89339099362,541,29336.621571597672,37,0
25903.30519613641,792,8201.172769822275,43,1
53051.954538008344,512,40745.06472674007,44,0
38654.73882073545,637,32161.780651022695,38,1
28666.19435603489,472,20020.11960022278,35,1
40301.4067363621,463,34032.38448126709,30,0
33776.779945784074,764,13735.34398289881,33,1
75307.12452608848,796,17914.418216216316,26,1
63224.59635424176,694,45956.80631346752,29,1
49880.41038025074,607,15234.7207778996,61,1
72199.16208335038,482,24029.425139738894,55,1
51160.524614714275,809,44616.91573240472,36,1
37080.73698007604,845,35678.34616310884,24,0
72846.86115904486,526,4047.958082070435,52,1
58083.65065526988,735,8217.849169669546,65,1
34441.30768510315,721,1384.237947823924,35,1
47144.91982874588,320,31915.167721229005,33,0
36865.726199228644,696,22935.997845110498,56,1
29258.00403553496,404,7579.467694211501,21,0
63892.66321297462,491,47938.771931781754,42,0
78641.24960705196,316,26953.326473335375,49,1
29021.486392712883,419,12852.77141153157,57,1
58444.538550358564,692,25529.57498658067,30,1
40240.361463172594,724,34301.39630402028,62,0
42693.11924352956,428,4735.721680704659,34,1
41114.09113641696,429,14460.486937346708,66,1
37040.138454802756,328,40541.30905331569,54,0
50727.82441917241,396,23523.5786497304,23,0
37535.748253834434,309,27782.27995958245,36,0
54056.85238669758,541,22207.984108263994,30,0
49246.42835826294,531,3151.0971895072507,43,1
46415.77929700386,583,9121.73921118764,31,1
36386.545069376036,499,22831.540298352655,48,0
41348.43004147501,378,11250.087804988463,21,1
61330.86838738634,472,3448.972404324258,56,1
57513.75781436571,766,42338.833538539366,25,0
35336.67132802174,715,49078.433929041676,42,0
51489.98458143839,748,39864.00082584023,30,0
61270.80685057683,386,42835.461163528686,49,0
24958.920783179423,400,12856.879385535223,55,0
58150.402885699026,307,48070.721800146785,55,0
40060.643615812296,499,10649.35951821799,45,1
58558.98002889739,804,47620.06070772978,47,1
38551.11265186225,386,49746.1454043316,20,0
22926.768490032213,342,35874.41748155639,45,0
25586.86343175256,684,49076.04285779927,20,0
50721.27419992073,734,28907.44919878808,62,1
53895.83752582223,707,13717.547375628426,51,1
36435.25062343387,782,22412.79839761542,33,1
59578.88688166061,316,30084.485833560513,39,0
25077.1990659656,447,4580.996539323734,49,1
49008.80302029025,576,31494.819966245057,55,0
31834.75700356315,531,49077.71400135243,25,0
40222.45838296761,665,10315.274839402653,25,1
50710.98006974621,527,39837.160698130785,23,0
37093.799520740715,735,45487.040895201346,31,0
44231.66683655262,698,47241.37804819082,49,0
65094.39213821661,510,48046.64461586691,52,0
41346.62195715277,690,26551.522297352127,27,1
62535.38168097712,798,48888.08749158368,20,0
33054.397180135726,839,38108.2001495875,29,0
57947.06266872924,790,8921.900375611134,66,1
71623.5293098685,741,24368.10521693053,48,1
12925.332498090662,560,36198.22759322819,46,0
38046.57116794285,649,13119.675475135084,22,1
58656.081907708096,651,32390.14399389548,69,1
46954.31920935511,819,33663.42347328435,42,1
55567.188100569634,619,8972.287446619728,58,1
40940.22219926269,437,28689.180310185056,48,0
51298.8468120935,849,38809.71863795177,38,1
47664.84146911881,667,25445.887562261152,37,1
67516.73092489711,519,1593.0527220292638,56,1
53816.31264951819,636,1442.8849848853167,39,1
55064.039931128034,522,18494.437854530595,21,1
43821.84550816299,659,46383.509353157315,30,0
42685.906638912595,628,12205.16220057683,62,1
43511.627182705684,762,32083.82075471267,59,1
55916.78213567445,681,11881.717663972708,67,1
43685.232787696055,468,16761.829493317884,66,1
54346.62285344619,516,42554.06239047272,37,0
81131.01197968159,677,36714.210671227396,69,1
63066.87055147538,418,5674.564588347321,30,1
45109.647017482384,489,22006.399028335247,34,0
68018.20883245918,669,2429.3184186179587,53,1
43878.86940467673,448,24563.61718354744,50,0
19428.13197233219,787,33459.26657335233,18,0
34878.70533623894,673,6806.628556309426,32,1
21938.121184612166,459,15155.362006549118,30,0
44727.297739380374,650,20493.99464960569,34,1
50276.27568784328,587,46057.02020814644,41,0
75146.55968412924,587,49669.495755725235,25,0
54903.910606462436,525,3200.653650785177,67,1
46713.49206786704,822,38289.38825127421,44,0
62441.083717752335,821,19214.479253714817,62,1
16832.970364881723,572,20230.451125244523,40,0
53534.21837162849,701,37958.98369400411,63,1
61562.9779083045,482,46002.89517512502,25,0
27821.206313302377,787,47595.50113062487,25,0
67156.31064810394,423,29279.00671587772,43,0
55077.44611241621,713,18498.93680572464,64,1
43770.681291487985,471,39589.905207080184,30,0
59491.72799159427,587,13299.067779852712,56,1
84060.39286706594,734,28639.627412842372,54,1
52727.99382587743,412,18570.344614718786,66,1
53723.30879450504,421,33174.92261168593,45,0
43109.58650689634,843,12779.546731781838,42,1
37252.33445802813,521,10388.054341006462,33,1
62455.03724816369,338,45993.715247096414,19,0
37158.74261136699,796,5988.3804645273085,35,1
51073.49355829089,532,25791.937479011653,34,1
42835.13829852325,829,11821.786365187438,47,1
57184.697386195876,448,2907.568202957705,56,1
55004.931579304226,696,2764.922096279893,30,1
65563.0991638685,601,9585.86683318554,49,1
42349.75401717879,659,43471.747370794015,67,0
45951.87597059943,537,14841.458454874306,46,1
35318.54426326539,535,47572.49935818949,63,0
43335.60109885833,502,29499.492356470484,47,0
55659.50739567279,555,22394.095298669537,35,0
61354.829249680275,534,29424.352898803274,30,1
36167.52013733562,644,26318.22087608712,60,0
63044.088801584905,833,38180.03643410893,38,1
70334.56788207426,765,14842.30723266976,47,1
56201.523548355515,840,18299.469188414816,38,1
78151.937188371,512,44810.620824129284,65,0
38393.1620134464,762,47376.36914436987,34,0
31330.179450328746,735,44735.35314683725,57,0
23319.19626643582,582,21552.951703908366,36,0
72440.66467233775,762,39237.909647337205,69,1
59815.484845310864,706,24340.45093175384,32,1
49166.229936343174,387,25379.452755159007,26,0
54199.529394797304,343,11029.325343806913,69,0
33117.66429052435,760,29965.384859667305,27,0
86686.27969425239,577,10120.658989914049,61,1
51938.31772962841,720,17246.670254292494,48,1
51640.92191907339,652,42896.47987937682,40,0
60886.49935848038,814,11146.714651331906,69,1
57215.1384760507,318,4486.755973498208,47,1
53358.26036418697,322,4381.372038027999,50,1
38142.88316832032,712,47098.441504652284,69,0
57072.025357039936,329,25839.101460129896,26,0
78230.3674471255,407,21061.1915190339,64,1
70181.30069232467,666,40733.05046938801,18,0
73897.79939959096,580,41955.47046761528,61,1
42331.76485353222,427,17277.360622664626,52,0
35155.92769612129,528,34987.284816215964,28,0
48113.19619850528,410,38785.01797674244,51,0
50835.87368433042,435,33077.883656431775,33,0
66412.87277706423,661,8428.158665204868,26,1
24613.03055427771,485,43918.271092335795,49,0
72943.2547919092,428,27415.633084064426,32,1
47629.88152131516,560,14841.14889213018,29,1
43596.7839507887,814,21836.181086447003,50,1
34818.434371097486,748,2840.9834295464616,62,1
25177.14992201346,403,7265.47325989846,31,1
62347.55875942872,782,38511.79077527718,25,1
51099.76950782606,523,1000.5701030129409,25,1
30650.58650388419,790,21411.725595632317,44,1
30573.818419045758,772,26602.998873193832,29,1
44963.229510648074,309,3677.0865800476427,18,1
75035.32287934089,704,48680.82998564431,60,1
46106.12972954593,601,12080.141231233925,57,1
27452.855703228408,530,15905.737262177763,59,0
46313.85403871084,365,15893.183100496339,68,1
45909.146453784946,411,12290.416443750146,28,1
9546.700355876426,312,1072.2172822292594,56,0
49185.577002232814,692,36737.89491031182,60,0
46535.98204686983,799,48375.429490164985,48,0
60443.095472201276,533,11990.380680967208,34,1
77734.34142418018,613,33489.3123983677,50,1
66898.47544321636,311,37352.92002097704,49,0
45966.669641677545,508,42572.84357543571,46,0
33402.11136887495,313,21708.830653666846,38,0
88600.3970487479,717,15843.614376381032,38,1
50888.27651021732,736,16939.461567128525,57,1
50208.939378694195,676,35918.44532182713,40,0
49638.12369334995,319,41022.19385877617,23,0
52971.271411517824,369,9899.08442007353,39,1
47834.593821140865,510,19176.109399730496,67,0
41395.069896796456,400,45195.06964070835,55,0
41797.115881394115,431,40527.98246504222,54,0
49508.70094676002,680,49258.06173536131,62,0
41848.62843299352,431,37958.16472442196,68,0
39307.313259842536,319,20266.56485036819,25,0
51596.453415378455,835,29941.25386573725,58,1
46175.34173868717,526,33389.6984581187,66,0
72559.89482874033,453,4844.334999539074,52,1
10235.45287410482,768,27680.35099608939,68,0
66372.60277883692,704,35756.72059515787,28,1
68691.27788746444,501,9198.74389605196,41,1
18899.146513877757,337,39250.9541538523,66,0
44859.68608879477,487,29604.86624519147,38,0
44428.38701006313,356,47658.86749918214,68,0
28887.32457923268,319,3078.6926121376932,19,0
38332.74968613687,572,14000.980740217881,57,0
33341.36231801257,418,30476.14008569138,36,0
76284.05665135435,815,15531.435698090605,56,1
64035.17589721191,520,36006.78403949087,45,0
69073.32642491237,825,38191.25884357462,34,1
60825.08096064853,814,6023.282239257248,23,1
33064.22343174156,635,26178.86874613162,36,0
42132.196005803395,354,25935.637223961738,55,0
57340.61841841877,799,19094.757740561512,45,1
31668.082866620818,835,46713.318265913935,19,0
60694.97645258582,461,41547.80967378784,55,0
46395.119027627974,458,35163.2597135722,54,0
44377.68788675604,487,36002.00515101488,68,0
60664.39952305237,359,23624.091046842837,69,0
56663.9496722906,618,46128.731533732214,21,0
44585.507512713804,510,35035.17593541098,39,0
67389.94705046373,705,36720.072021135005,43,1
33784.05008600154,408,43222.85428557992,66,0
59239.034104163955,375,14429.507877767359,60,1
58896.51886952575,841,40546.474289468446,53,1
45356.803410290144,613,10566.78954486811,30,1
54891.99533363177,416,17921.755659999504,69,1
31233.296354220456,318,17444.912259222292,49,0
63860.40528810352,731,48947.74795106789,34,1
47226.46795335517,649,42970.323963648414,58,0
42159.154692214404,482,35357.32321792273,53,0
65735.13838755334,412,36625.78131915411,63,0
39434.84464185861,482,28541.566925725983,36,0
28873.080554546606,780,47407.44268831744,52,0
26650.562397141442,445,25316.678891235715,63,0
59090.14927018459,412,19645.36778362483,57,1
30793.559712555754,775,8988.731509647958,45,1
76321.91272976546,602,39524.07696079184,18,1
18771.058881744168,417,36987.75267170398,59,0
75446.84552435057,460,19833.39688768261,35,1
53165.26200803927,700,2234.477284002239,65,1
48549.30332194411,497,42110.86905818253,57,0
41826.21369786575,559,1559.481189249608,50,1
55987.04171528106,346,35481.2892018235,29,0
49435.47946362727,698,48542.598376576796,25,0
66549.52823024782,377,22445.40507926197,41,1
51713.41472993059,423,12513.696844801685,33,1
52254.52642192817,374,35538.6794921257,67,0
44545.81681679216,436,41039.27895876367,21,0
49145.81564418399,699,27775.08548781452,55,1
54617.026533380886,804,48384.72848755116,61,1
24347.474110150615,799,3531.767361240094,44,1
29777.218668414305,437,25734.98431692188,26,0
61148.96141034072,349,36204.24341880495,64,0
52562.981571919125,553,43269.38308630977,33,0
47240.24995470981,725,9783.524983481711,29,1
50276.5089959809,846,40200.17060642039,48,1
55213.72558042507,601,28082.64671020872,41,1
41903.60479535958,648,20431.130417508197,31,1
38325.42911896531,348,7454.036400375585,62,1
52937.67882646522,373,43399.49218653671,42,0
35324.40833577452,560,8706.387200806053,51,1
56123.79133571708,655,16179.605101245863,20,1
24461.245936432395,559,15212.231066159407,41,1
65437.33455988466,594,43699.28767535186,59,0
57088.96223619564,612,33962.446716236,26,1
53840.44601470813,481,40037.38846237725,43,0
64740.36475918271,663,13272.92704083245,37,1
74982.11666693864,487,31618.830880742946,57,1
65215.55097527196,842,29015.553174043685,27,1
22386.88653002532,847,41808.68846262529,36,0
30806.345498964478,707,45398.26596358177,20,0
40627.72133456482,713,1595.6818023919536,41,1
50391.36575316251,641,34026.97603388084,22,0
57764.88530703685,519,3539.954156866722,20,1
39113.84280269802,462,27894.07458879044,44,1
52801.50146715617,519,15094.003723140231,33,1
38669.256014700164,569,16032.05337658492,66,1
40827.23295512078,699,18294.96666916547,32,1
28900.083547276667,481,31443.330003430896,52,0
36151.50130833643,504,17368.44831776969,29,0
29724.730915754997,527,36902.25347892374,58,0
35361.90120534001,549,20821.841893119614,61,0
65804.62694911759,740,4349.3068151879725,43,1
35759.01666752085,832,39404.232281721255,64,0
89485.73097256086,495,15002.157905042593,51,1
57399.76851321334,818,22205.57710036387,40,1
52772.54185542311,369,34586.75027787317,48,0
37124.6332972818,698,17290.35170028689,67,1
60504.64819113487,502,3772.6971511890656,37,1
41365.43260643339,447,19322.131303627866,29,0
51830.147219680424,771,47277.98055202087,40,0
88401.26807403192,498,32444.98546762935,21,1
48559.10150413025,725,33902.47828469314,40,0
67239.09989428514,791,31981.825528244353,65,1
39452.35362311169,441,10750.614809012402,65,0
49475.17264254557,612,21498.359341011725,18,1
76562.00953453264,464,37796.050119802596,42,0
40595.494133183485,613,5967.271980104798,19,1
77186.72836995393,320,14614.786028395902,47,1
60616.279031832135,381,14539.636314826826,20,1
41562.99836158598,430,22168.927452130793,38,1
59486.116085832815,604,49038.06830616707,42,0
64588.316744400945,670,4307.624787507275,37,1
59327.149433257946,683,26416.348724649157,66,1
26446.629201643154,744,9788.869418598311,69,1
39092.94236262697,724,48563.15072507746,39,0
46287.22046672743,460,6551.871731645746,38,1
48883.498563499306,477,20776.449115717973,50,1
59310.08146326017,789,37156.3642568957,69,1
52665.51501399881,626,35523.16697334482,55,0
29969.83461934848,588,21713.70320780268,32,1
55702.967765089445,653,17979.684229683193,63,1
59158.786179257346,327,20483.006549090656,69,0
58396.856718965595,342,13949.536894773324,32,1
66211.71088331932,722,11061.313996633191,63,1
62508.83231823356,476,24668.94518038561,42,1
56887.70118842655,828,14158.154047312759,38,1
48947.51432812029,793,15085.621579965256,41,1
25085.58599726013,497,33181.0471102533,22,0
56444.273286988784,816,48458.329253294716,23,0
53115.31530744667,813,30578.22282740938,66,1
54073.6825579306,321,4771.993886183347,60,1
30848.77136269536,411,4703.597078849281,65,1
33784.151893876064,356,47619.73782143273,61,0
65797.29279999355,365,15567.248725059348,64,1
49406.672692150176,397,5511.282318041296,40,1
60222.510460589365,443,30353.184770368698,21,1
50424.77564195692,734,31558.79013622304,44,1
50446.34209243618,385,32776.736185815724,35,0
64074.25708963996,643,14102.699365019524,38,1
42259.32907673939,593,1740.4235265092766,45,1
51441.811654114754,542,48285.75310326912,52,0
43065.87066942436,331,13293.759238864022,39,0
43482.55658851527,690,34125.288114574825,57,1
45362.41814797041,576,35624.86362405677,40,0
53332.00657450569,831,30890.3634368948,20,1
42818.77067504784,453,16332.462316468762,57,1
68836.34188360281,682,14283.716434439222,67,1
36580.89046670744,367,30285.745852432454,27,0
47196.92533757961,513,43438.686046972885,42,0
43404.034125887374,675,47389.952717246386,69,0
71704.668265306,512,6189.384415784124,66,1
52948.32164767362,378,8586.602017288273,25,1
65477.66809202952,680,47292.076680370905,28,0
27716.59440444542,357,37090.226188404835,22,0
54005.75398803888,325,44266.69741665888,62,0
63344.46193435155,746,10928.999072631816,54,1
51234.259839131366,365,29791.707684360692,62,0
65982.20562598026,553,35355.840126456205,55,1
42240.673248494415,343,34325.48238690166,46,0
71140.2116027837,396,20999.432852468206,22,1
84483.47185428876,526,1754.3496928741154,26,1
44557.42159340512,735,29563.376783408894,65,1
43317.462178988426,678,13401.975419800829,19,1
71800.7671567655,477,23062.458061001627,18,1
73693.58218596068,726,47921.46973910705,57,0
42157.09959270098,606,20552.7305644793,68,1
43697.19774356214,803,42150.278726556906,47,1
45773.230867092396,567,10238.489681713305,28,1
29833.242334485843,307,33950.56440322641,45,0
36220.22080273703,807,48873.34076750823,61,0
34937.88849871898,775,5992.761942773903,29,1
38483.03652343807,596,1407.6771691324086,56,1
49479.72668919828,463,22245.5568389981,43,0
53513.22098804781,784,5538.648669516992,30,1
73257.50739221115,371,37670.83313413533,25,0
35024.68938891814,537,45812.88452857939,45,0
64764.83597714876,403,22267.027662729182,47,1
46790.16733661736,509,13676.870465616606,26,1
49258.044355213504,767,22285.76263132388,56,1
60122.29238249906,753,36448.94307465005,48,1
33159.16967656552,567,1443.6539174381778,38,1
55736.14619276076,685,29883.24548475016,64,1
52496.78312319584,686,31051.292559481575,51,1
57386.76896012224,558,32246.72409790084,48,1
54337.52965861727,582,12859.081919062983,69,1
86829.50209866342,339,35988.58344552821,42,0
40433.900236230256,785,5478.182830257044,29,1
42035.04567497274,519,10764.24648687324,18,1
40652.89210362853,428,43996.03228606961,39,0
41667.843212596184,819,37197.43438560175,57,0
40439.19309040223,559,1673.5321465559173,54,1
67835.24796661327,665,13170.43675812021,64,1
71307.56371984782,843,11505.917666665064,18,1
41438.805593757854,823,14269.510073811656,18,1
37514.66640343657,315,13130.428743714434,59,0
57071.23334579606,428,4063.788491399441,59,1
41716.65433578543,408,23488.085313244195,38,0
59493.97726633266,832,36903.94026452209,32,1
53043.845312769496,568,30729.854511154383,34,1
27263.838275041522,461,33970.71176130591,39,0
73212.57801995092,559,4976.309748275718,55,1
76938.16509643283,401,47623.04479866257,52,0
40808.16964273421,805,42086.09985830822,62,0
44184.47660096024,546,40449.42560628747,33,0
54287.98086087358,836,41326.20644704661,25,1
55016.851849805375,430,46702.814898505305,64,0
59878.164090092454,652,27668.444339571186,34,1
80153.06808149524,495,10813.818875513669,34,1
47345.79158758926,681,31222.396784774515,43,0
38025.541331923196,526,37401.19318972901,30,0
29310.21157978209,775,37157.95227434725,34,0
39036.04940087121,776,26551.002184177127,55,1
49503.095406893044,564,4354.477247345325,34,1
76918.36795276681,671,19184.533983076264,65,1
42235.830514457426,785,46117.56381470451,31,0
53356.819274583475,733,29637.996578113874,62,1
49753.65655890872,510,27378.26521952996,23,0
67825.89910172127,676,14173.822204727483,52,1
87903.98638810433,694,19053.997075912368,63,1
42036.96840619519,749,44871.95836850529,31,0
42658.40836222667,663,33656.68932881495,64,0
65662.41315603608,756,39581.96431086431,25,1
60228.37234439467,525,23262.925730315103,32,1
77700.6098860405,430,31882.11375335174,44,1
58758.92277988946,775,13170.79682841717,30,1
44610.61863819411,576,35567.580683890825,66,0
58859.82246038464,455,21952.46535146353,48,0
66630.55370874362,517,22684.730225922533,52,1
62307.23271796046,489,32816.7939042672,23,0
57609.11046660947,716,46877.75045197741,22,0
66000.1203438373,845,4136.310983822425,39,1
67539.4338566851,340,41412.418630003376,66,0
70732.38486556291,606,15326.772410197462,40,1
59730.64831384464,637,22752.053270812514,42,1
47493.22879524718,613,2073.7531099754387,51,1
52200.705296499844,374,15751.257813881339,43,1
68097.63449762535,578,25628.930888876395,64,1
37745.964935191456,475,3752.627790024512,22,1
55530.099633093516,572,25063.69073977509,43,1
44099.91781508959,588,46428.42081406294,37,0
50431.17234402226,571,6164.267687282456,23,1
69176.77793910948,365,38457.59567569971,23,0
52866.48602029855,782,21073.881615423637,67,1
50696.54822234223,547,33103.51201169257,35,0
29602.15788530121,455,13751.593301276238,21,1
61193.80349040831,346,8815.120864526556,34,1
59682.26271711613,753,8862.668099290095,31,1
82448.8208495819,500,4454.105336514088,31,1
45383.32647570499,423,10096.688540160909,30,1
53287.254914959085,300,33546.749864459445,24,0
53740.75525566133,490,44202.8399803319,61,0
73661.79919645212,815,40892.15859396693,32,1
48570.567014195716,741,34571.58118384972,36,1
54185.32288655509,442,6411.161307144031,60,1
59118.44764574809,490,15170.184868501541,64,1
52799.13684734537,832,16180.53689080098,61,1
43303.49578174208,526,13247.89037348344,52,1
52911.34989347462,612,26235.27732577643,34,1
66104.47624789659,601,27242.136929103955,52,1
34602.270508834095,759,18487.4127833844,36,1
51994.54511220314,700,18335.668778085364,37,1
39498.1877759124,692,41599.22429739799,53,0
67925.69943387264,506,39675.3495676646,52,1
27152.19642824338,509,16081.995752356537,49,0
41616.17229092617,414,45775.633749789704,65,0
55658.17812596781,550,47687.93583312279,61,0
73482.86043851511,518,17010.384559472,57,1
49013.746083905186,706,18366.82249085969,41,1
41672.00709960202,742,25776.073517675984,34,1
78217.35604160884,653,47114.91981415,24,1
28279.79149375634,849,43939.652223973266,60,0
17017.910650698774,441,6025.8301665959,67,0
56600.216750799984,800,20243.806420299396,18,1
42469.18663471083,846,28115.18829773882,52,1
34681.5077430393,841,25653.491155025462,49,1
60625.3467094903,806,10499.29032890774,53,1
53657.010706567984,580,43082.02178723958,30,0
41538.820538949076,723,34170.09836684503,23,1
30795.434019936583,569,42057.510367738374,31,0
63086.859924202174,453,43079.449688124136,54,0
59753.017669379915,382,37669.43682962125,65,0
48512.36204330926,725,22521.31946123615,32,1
77699.554940715,574,30916.790995755804,64,1
33948.72850510771,583,8857.904899867415,21,1
27117.122436128917,472,34008.62545627048,57,0
39621.378951781335,626,9783.409531224757,33,1
49316.209754667536,362,35003.529934997685,45,0
53650.091739840376,372,12250.309876944464,33,1
46381.459132155054,674,6760.013707360778,21,1
55280.83094771445,807,9098.940017004914,62,1
31226.90863714334,697,1097.614625734443,43,1
71656.46906109889,419,36218.24127482298,45,0
48767.732324111465,736,36887.651403860575,49,0
66759.43747382192,764,26231.734145749713,62,1
55140.88019566556,585,8906.7772517138,19,1
56851.29828730676,564,5094.162538023797,48,1
58546.50920348306,619,1937.3193554270633,20,1
56715.628400259724,675,9121.660671295815,25,1
59640.84139801316,388,44651.92121417419,41,0
69937.28795198648,502,12835.305243382407,32,1
52947.817545522055,633,18359.295033643568,60,1
60635.05636382769,521,6161.928739585326,48,1
48653.964585691596,340,11895.703932660344,26,1
71601.75823174209,367,26442.003968230052,56,1
39854.115469110955,813,30779.881471686975,62,1
77014.10649366223,426,13022.263394144342,19,1
49397.63074033485,554,3828.875802030743,25,1
28538.373468229278,315,20160.610587242532,24,0
51921.56622366184,776,12475.965175390373,61,1
39784.22513787678,361,11758.142238260296,68,1
62609.65323483086,731,48033.27733295931,56,0
40210.640310464136,567,31198.72381036048,59,0
43307.248501778304,334,28287.043715432697,33,0
21656.889035817036,793,21372.980072642775,52,0
43215.405211263846,768,22018.27233807707,47,1
13641.81010056565,624,27504.34518806596,27,0
26241.45764771415,603,35125.06054476926,55,0
61406.21984216446,575,35405.158712909644,35,0
61787.00237976248,500,9413.001477567028,67,1
56381.86342677447,744,25505.524851754722,22,1
35495.3578530618,623,21185.946656670996,46,0
49284.3296578703,334,43655.821347199824,56,0
49945.96191364148,781,31939.527139700444,51,1
32624.529662111858,779,27092.699254383107,60,0
72550.97452650726,364,6654.337466766951,62,1
63160.43435863507,307,30676.25657684716,40,0
46685.53739255504,600,6742.991378331438,22,1
50403.28758491796,642,17523.12220272185,47,1
53125.74211921329,730,7999.256275902261,23,1
19373.97697363564,723,34911.60870419408,63,0
46292.339262191046,631,11106.353577971478,61,1
39770.23628003302,737,20201.109286213275,21,1
34975.69985157627,473,44888.064103320154,46,0
45783.495606710676,826,11011.502786549545,40,1
76965.29790274284,325,25882.448133980175,23,0
59612.64291900515,705,21544.311397135076,49,1
41432.31515325805,531,1888.078011240757,59,1
58588.74172034238,832,39845.147565067826,35,1
