Fecha,Producto,Categoria,Precio,Cantidad,Ciudad
2024-01-01,Pantalon,Ropa,88.44489523999152,1,Quito
2024-01-01,Camiseta,Accesorios,87.76384058345394,2,Arica
2024-01-01,Camiseta,Ropa,119.80410544868144,3,Bogota
2024-01-01,Reloj,Ropa,123.4163483205324,5,Milan
2024-01-01,Pantalon,Ropa,143.86367858816826,2,Cartagena
2024-01-01,Gorra,Calzado,97.07939197813164,1,Quito
2024-01-02,Bolso,Ropa,111.90745996164968,4,Milan
2024-01-02,Reloj,Ropa,111.51299756800623,5,Cartagena
2024-01-02,Camiseta,Accesorios,120.2281703196122,7,Berlin
2024-01-03,Reloj,Accesorios,137.7182230028576,1,Quito
2024-01-04,Zapas,Accesorios,90.16524043879257,3,Bogota
2024-01-04,Gorra,Ropa,40.709522680467444,3,Bogota
2024-01-04,Pantalon,Calzado,148.71928845758413,9,Berlin
2024-01-04,Camiseta,Accesorios,123.39443893468267,8,Arica
2024-01-05,Bolso,Accesorios,97.67186214215091,2,Arica
2024-01-05,Gorra,Accesorios,80.54101590144572,5,Arica
2024-01-05,Reloj,Accesorios,44.079698051163255,1,Milan
2024-01-05,Camiseta,Ropa,31.51222594902138,5,Quito
2024-01-05,Bolso,Accesorios,136.33978735961918,6,Quito
2024-01-06,Bolso,Accesorios,82.53804489973123,9,Cartagena
2024-01-06,Pantalon,Ropa,44.48538088952819,9,Quito
2024-01-06,Zapas,Calzado,69.72841643172107,7,Quito
2024-01-06,Gorra,Ropa,93.65479708228442,5,Berlin
2024-01-07,Bolso,Accesorios,63.83952725820465,5,Milan
2024-01-07,Camiseta,Accesorios,141.57623598892974,9,Quito
2024-01-08,Camiseta,Calzado,97.83281741301398,1,Milan
2024-01-08,Bolso,Accesorios,89.19382773407523,2,Bogota
2024-01-08,Gorra,Accesorios,43.19797547961038,8,Bogota
2024-01-09,Zapas,Accesorios,99.35260671103448,2,Berlin
2024-01-09,Bolso,Accesorios,97.3209628590017,9,Cartagena
2024-01-09,Gorra,Accesorios,97.0851776836468,8,Quito
2024-01-10,Pantalon,Accesorios,35.98620510885147,3,Cartagena
2024-01-10,Reloj,Ropa,117.98084842656749,7,Bogota
2024-01-12,Pantalon,Ropa,102.9380767531287,5,Quito
2024-01-12,Gorra,Accesorios,49.90697879408641,5,Quito
2024-01-12,Gorra,Ropa,104.77602191895693,8,Milan
2024-01-13,Bolso,Ropa,60.29180041491942,2,Milan
2024-01-13,Bolso,Calzado,69.20193505316297,5,Berlin
2024-01-13,Reloj,Accesorios,36.17688244859133,5,Arica
2024-01-13,Gorra,Accesorios,98.94983827414725,5,Milan
2024-01-14,Reloj,Calzado,32.66114103196178,8,Quito
2024-01-14,Pantalon,Ropa,64.34170318164867,5,Milan
2024-01-14,Camiseta,Accesorios,97.61609919643992,6,Milan
2024-01-14,Gorra,Ropa,49.773300820223525,6,Quito
2024-01-15,Pantalon,Ropa,138.5408131495854,5,Cartagena
2024-01-15,Pantalon,Accesorios,100.23025184143408,4,Quito
2024-01-15,Reloj,Accesorios,52.26943755842974,8,Arica
2024-01-16,Gorra,Accesorios,107.88679343427808,4,Bogota
2024-01-17,Zapas,Ropa,87.91649488925196,9,Quito
2024-01-18,Bolso,Ropa,69.91530568956435,5,Arica
2024-01-19,Reloj,Accesorios,108.45936142671228,2,Bogota
2024-01-19,Camiseta,Accesorios,30.59844364181547,8,Quito
2024-01-20,Bolso,Calzado,38.095743200278875,6,Bogota
2024-01-20,Gorra,Calzado,86.63997667675467,9,Milan
2024-01-20,Bolso,Accesorios,147.7029669604106,5,Milan
2024-01-21,Camiseta,Ropa,91.35985738556705,3,Arica
2024-01-21,Camiseta,Accesorios,77.03680780048407,6,Bogota
2024-01-22,Reloj,Accesorios,102.84010537263329,5,Quito
2024-01-22,Pantalon,Calzado,113.80755159766603,4,Quito
2024-01-22,Zapas,Accesorios,126.04732365555651,5,Berlin
2024-01-23,Zapas,Calzado,106.01220554824909,2,Milan
2024-01-23,Reloj,Accesorios,70.97965748787556,7,Arica
2024-01-25,Zapas,Accesorios,149.41246379155342,3,Milan
2024-01-25,Bolso,Ropa,82.7063296017069,7,Milan
2024-01-25,Reloj,Accesorios,44.742232166478814,1,Berlin
2024-01-26,Pantalon,Calzado,133.00375120463684,8,Quito
2024-01-26,Bolso,Accesorios,22.97619724689563,8,Arica
2024-01-26,Pantalon,Accesorios,25.86308803864201,3,Arica
2024-01-27,Zapas,Ropa,149.91595494355852,5,Milan
2024-01-28,Camiseta,Accesorios,89.4792658634421,6,Arica
2024-01-28,Pantalon,Accesorios,107.85936186135888,3,Cartagena
2024-01-28,Gorra,Accesorios,38.948353871817716,6,Quito
2024-01-28,Zapas,Accesorios,107.04834009741505,4,Cartagena
2024-01-28,Zapas,Accesorios,138.38920577324268,9,Bogota
2024-01-29,Reloj,Ropa,43.98017328445129,4,Bogota
2024-01-29,Pantalon,Accesorios,121.89823194445205,9,Quito
2024-01-30,Pantalon,Ropa,138.85074707369108,8,Berlin
2024-01-31,Camiseta,Ropa,142.5103124832903,5,Cartagena
2024-02-02,Gorra,Ropa,128.87380257032396,3,Milan
2024-02-02,Reloj,Calzado,118.67465992005047,1,Arica
2024-02-02,Gorra,Ropa,20.133832379932343,9,Arica
2024-02-03,Pantalon,Accesorios,76.01207189994433,4,Cartagena
2024-02-03,Pantalon,Accesorios,123.18670054946712,3,Milan
2024-02-03,Gorra,Accesorios,73.2321208906765,1,Cartagena
2024-02-03,Zapas,Ropa,95.03408077252726,1,Arica
2024-02-04,Camiseta,Accesorios,78.02792404663612,7,Milan
2024-02-04,Zapas,Calzado,116.85839125562865,9,Arica
2024-02-04,Camiseta,Accesorios,98.48379912491806,3,Milan
2024-02-04,Reloj,Ropa,84.40507143251553,2,Cartagena
2024-02-04,Gorra,Accesorios,115.06510870657912,3,Berlin
2024-02-05,Camiseta,Accesorios,122.21587437842228,8,Quito
2024-02-05,Gorra,Ropa,53.66774470823577,1,Bogota
2024-02-05,Bolso,Accesorios,58.947468529642016,8,Cartagena
2024-02-05,Reloj,Calzado,22.322046022181517,7,Cartagena
2024-02-06,Zapas,Accesorios,139.01677804794883,8,Berlin
2024-02-06,Reloj,Accesorios,80.07264779953589,3,Bogota
2024-02-06,Zapas,Accesorios,77.33418102726101,8,Bogota
2024-02-07,Pantalon,Calzado,104.06643948523124,3,Cartagena
2024-02-07,Pantalon,Ropa,82.17042299624939,7,Bogota
2024-02-08,Reloj,Ropa,61.354501970355535,7,Berlin
2024-02-08,Reloj,Ropa,29.414115379024395,3,Berlin
2024-02-08,Gorra,Ropa,72.42397694609814,1,Bogota
2024-02-08,Pantalon,Accesorios,126.42832466497943,5,Quito
2024-02-08,Pantalon,Accesorios,54.644791138214686,8,Berlin
2024-02-08,Camiseta,Calzado,96.58410948121633,5,Bogota
2024-02-08,Camiseta,Calzado,103.2218690976616,1,Cartagena
2024-02-09,Pantalon,Accesorios,133.5337660241002,1,Bogota
2024-02-10,Reloj,Calzado,143.3158361306864,8,Milan
2024-02-10,Zapas,Accesorios,129.25715215745498,8,Quito
2024-02-10,Zapas,Calzado,57.430850141844395,2,Arica
2024-02-11,Gorra,Ropa,30.726109477254766,4,Arica
2024-02-11,Gorra,Accesorios,147.5607286647595,3,Cartagena
2024-02-11,Reloj,Ropa,41.516731265636594,9,Arica
2024-02-12,Bolso,Ropa,45.63003645447405,2,Arica
2024-02-12,Bolso,Ropa,58.78867602869904,5,Arica
2024-02-13,Reloj,Accesorios,84.61155334676236,4,Quito
2024-02-13,Reloj,Calzado,129.19313140742133,8,Bogota
2024-02-13,Zapas,Accesorios,33.379083996738856,5,Berlin
2024-02-13,Gorra,Calzado,97.70406348326236,4,Cartagena
2024-02-14,Zapas,Calzado,96.36896855042966,9,Berlin
2024-02-15,Camiseta,Ropa,92.88803522045683,8,Bogota
2024-02-15,Camiseta,Accesorios,111.70012723458646,7,Quito
2024-02-15,Zapas,Ropa,97.16001398600913,3,Berlin
2024-02-16,Camiseta,Accesorios,25.76896625932078,4,Bogota
2024-02-16,Zapas,Ropa,53.2338497152054,4,Milan
2024-02-16,Gorra,Accesorios,30.932769180838005,6,Bogota
2024-02-16,Zapas,Accesorios,73.6940527042006,2,Cartagena
2024-02-16,Gorra,Calzado,61.27908822397581,8,Bogota
2024-02-17,Reloj,Accesorios,75.11282567872925,1,Quito
2024-02-17,Reloj,Calzado,51.02970406913228,8,Bogota
2024-02-17,Reloj,Ropa,63.17903364514206,8,Bogota
2024-02-18,Pantalon,Accesorios,79.16867905470029,6,Cartagena
2024-02-18,Reloj,Accesorios,117.56525021949076,5,Bogota
2024-02-19,Camiseta,Ropa,149.70004007009962,2,Arica
2024-02-20,Zapas,Accesorios,61.1055556985443,2,Cartagena
2024-02-20,Gorra,Accesorios,139.42811360915556,2,Cartagena
2024-02-20,Camiseta,Accesorios,58.38617759864031,1,Milan
2024-02-20,Reloj,Ropa,107.0892703915051,4,Bogota
2024-02-20,Reloj,Accesorios,35.644039064549474,7,Milan
2024-02-20,Gorra,Accesorios,39.36894127612531,4,Bogota
2024-02-21,Reloj,Accesorios,117.3910130831668,1,Bogota
2024-02-21,Reloj,Ropa,72.83100007555785,5,Milan
2024-02-21,Gorra,Accesorios,47.64850196435941,4,Arica
2024-02-22,Gorra,Calzado,120.59848801617423,3,Bogota
2024-02-22,Camiseta,Ropa,147.22206736206897,3,Arica
2024-02-22,Gorra,Calzado,100.98185978156543,6,Milan
2024-02-22,Reloj,Ropa,114.97138778520919,7,Cartagena
2024-02-22,Pantalon,Calzado,127.48384761518018,9,Milan
2024-02-22,Camiseta,Ropa,47.34544538945292,6,Bogota
2024-02-22,Bolso,Accesorios,29.266435107171308,6,Berlin
2024-02-23,Camiseta,Ropa,95.32393691465509,9,Quito
2024-02-23,Zapas,Calzado,121.21435207659763,1,Cartagena
2024-02-23,Zapas,Ropa,63.66256142947856,1,Cartagena
2024-02-23,Bolso,Accesorios,119.474812392252,6,Arica
2024-02-23,Zapas,Calzado,149.52365085487415,2,Arica
2024-02-23,Camiseta,Accesorios,41.061804125906,5,Bogota
2024-02-23,Gorra,Accesorios,21.23310637170475,1,Quito
2024-02-24,Bolso,Ropa,108.78766824422722,4,Berlin
2024-02-25,Reloj,Accesorios,38.43067115852324,5,Cartagena
2024-02-25,Pantalon,Accesorios,107.28520703897988,3,Cartagena
2024-02-26,Zapas,Accesorios,142.36087555021024,3,Arica
2024-02-27,Zapas,Calzado,26.848898677039717,7,Milan
2024-02-27,Zapas,Accesorios,132.3840744399553,7,Milan
2024-02-27,Bolso,Ropa,74.0679575991023,4,Arica
2024-02-27,Camiseta,Accesorios,98.8045327629523,7,Bogota
2024-02-27,Gorra,Accesorios,48.12212299475196,1,Bogota
2024-02-27,Pantalon,Accesorios,148.89179356885626,3,Bogota
2024-02-28,Bolso,Ropa,123.93982701953703,7,Berlin
2024-02-29,Pantalon,Accesorios,31.743804875089022,5,Cartagena
2024-02-29,Camiseta,Calzado,117.2233085319897,8,Quito
2024-03-01,Gorra,Ropa,123.97154240512282,2,Cartagena
2024-03-01,Zapas,Accesorios,39.88789410771315,3,Cartagena
2024-03-02,Bolso,Accesorios,60.48775432593335,1,Arica
2024-03-02,Reloj,Accesorios,38.366146405815755,2,Cartagena
2024-03-02,Reloj,Calzado,96.73431205513091,2,Cartagena
2024-03-02,Zapas,Accesorios,58.2258082987263,8,Berlin
2024-03-03,Camiseta,Ropa,22.992938622392877,8,Arica
2024-03-03,Camiseta,Calzado,60.49151224725846,2,Milan
2024-03-03,Camiseta,Accesorios,24.775151865459772,1,Bogota
2024-03-03,Zapas,Ropa,53.04919538667412,1,Cartagena
2024-03-05,Gorra,Accesorios,33.10329839206524,2,Cartagena
2024-03-05,Camiseta,Accesorios,131.04727068000358,2,Cartagena
2024-03-05,Pantalon,Accesorios,109.4670225626574,7,Berlin
2024-03-06,Zapas,Ropa,101.92713728278875,3,Milan
2024-03-06,Gorra,Accesorios,69.10437316722201,7,Cartagena
2024-03-07,Reloj,Accesorios,63.364041431386056,7,Cartagena
2024-03-08,Zapas,Ropa,122.70176264294129,9,Berlin
2024-03-08,Reloj,Accesorios,78.02580565569349,4,Milan
2024-03-09,Camiseta,Accesorios,94.21758523974135,8,Milan
2024-03-09,Reloj,Calzado,126.91114444621755,2,Arica
2024-03-09,Pantalon,Accesorios,45.107272396348094,8,Arica
2024-03-09,Gorra,Accesorios,144.97098746403796,7,Milan
2024-03-10,Zapas,Ropa,133.33826126650575,3,Quito
2024-03-10,Pantalon,Ropa,99.10323364577287,9,Berlin
2024-03-12,Camiseta,Calzado,98.64400994977031,1,Milan
2024-03-12,Camiseta,Accesorios,79.05483638848295,7,Cartagena
2024-03-13,Reloj,Calzado,137.76584362240885,5,Bogota
2024-03-14,Gorra,Ropa,100.15859564212163,1,Berlin
2024-03-15,Reloj,Accesorios,71.63324106579743,4,Quito
2024-03-15,Gorra,Accesorios,112.9401252262922,3,Cartagena
2024-03-15,Reloj,Accesorios,40.10737831482071,7,Berlin
2024-03-15,Reloj,Accesorios,99.27813471483029,3,Milan
2024-03-16,Zapas,Accesorios,126.59309926305302,4,Milan
2024-03-16,Bolso,Ropa,105.4079014833841,5,Milan
2024-03-16,Bolso,Accesorios,136.50876934905497,1,Quito
2024-03-18,Zapas,Ropa,119.90751738809286,4,Bogota
2024-03-18,Zapas,Ropa,77.55320568133853,5,Quito
2024-03-18,Reloj,Ropa,104.05876874497181,2,Milan
2024-03-20,Bolso,Accesorios,80.55566491263231,7,Berlin
2024-03-21,Bolso,Ropa,94.50961040346053,5,Berlin
2024-03-21,Camiseta,Ropa,120.26206690756594,5,Bogota
2024-03-21,Reloj,Ropa,88.46109364496475,3,Bogota
2024-03-21,Pantalon,Ropa,35.96099565615211,7,Berlin
2024-03-22,Reloj,Calzado,92.55823244720217,7,Bogota
2024-03-23,Bolso,Ropa,51.73914775490866,9,Milan
2024-03-23,Bolso,Accesorios,59.11090408592316,6,Berlin
2024-03-24,Camiseta,Accesorios,76.32207736631523,3,Quito
2024-03-25,Bolso,Accesorios,132.3991486741548,3,Cartagena
2024-03-26,Camiseta,Accesorios,80.8701376973793,8,Cartagena
2024-03-26,Zapas,Ropa,20.145614492414232,7,Cartagena
2024-03-26,Reloj,Ropa,108.41715104344868,9,Bogota
2024-03-28,Zapas,Accesorios,20.352416923862858,2,Milan
2024-03-29,Camiseta,Accesorios,89.14147235946261,5,Milan
2024-03-29,Pantalon,Accesorios,140.911745566266,9,Arica
2024-03-30,Gorra,Accesorios,127.27609976402385,7,Bogota
2024-03-30,Zapas,Accesorios,134.88225705589784,1,Quito
2024-03-30,Zapas,Accesorios,145.3876613951271,7,Arica
2024-03-30,Bolso,Accesorios,60.55375876436696,5,Arica
2024-03-31,Camiseta,Ropa,63.20090129616416,3,Quito
2024-04-01,Gorra,Ropa,139.30782359227905,6,Arica
2024-04-01,Camiseta,Ropa,136.28239102584877,8,Cartagena
2024-04-01,Pantalon,Calzado,41.674998799139814,1,Berlin
2024-04-01,Zapas,Accesorios,116.63586697617114,7,Cartagena
2024-04-02,Bolso,Calzado,77.49883910951834,1,Berlin
2024-04-02,Gorra,Ropa,36.01894504238159,6,Cartagena
2024-04-03,Camiseta,Accesorios,113.78486875273512,9,Quito
2024-04-03,Gorra,Ropa,62.43636494542809,1,Milan
2024-04-04,Camiseta,Accesorios,40.707367881564664,3,Berlin
2024-04-04,Camiseta,Calzado,37.07356643321915,3,Arica
2024-04-04,Zapas,Calzado,106.01517276047039,8,Bogota
2024-04-04,Zapas,Accesorios,140.84876406485859,3,Milan
2024-04-04,Gorra,Ropa,69.51823831642834,7,Quito
2024-04-05,Zapas,Accesorios,27.529659872643776,3,Arica
2024-04-05,Camiseta,Calzado,98.41566228300735,2,Berlin
2024-04-05,Pantalon,Ropa,86.97257871288564,9,Arica
2024-04-05,Pantalon,Accesorios,40.45428576132838,3,Milan
2024-04-05,Camiseta,Accesorios,123.58371762232358,3,Cartagena
2024-04-06,Gorra,Accesorios,74.82151149192663,3,Berlin
2024-04-06,Bolso,Accesorios,35.667935242240375,7,Quito
2024-04-07,Camiseta,Accesorios,21.906717416014295,1,Quito
2024-04-07,Camiseta,Ropa,110.84996091091757,2,Cartagena
2024-04-07,Bolso,Ropa,38.66050706512107,4,Bogota
2024-04-08,Pantalon,Accesorios,69.30974079012134,5,Quito
2024-04-08,Reloj,Accesorios,72.56959520137316,1,Berlin
2024-04-08,Gorra,Accesorios,115.92124969784825,6,Milan
2024-04-08,Gorra,Accesorios,71.56441849676705,3,Berlin
2024-04-08,Zapas,Ropa,22.387792802270198,6,Milan
2024-04-08,Zapas,Accesorios,88.94607118467329,7,Bogota
2024-04-08,Camiseta,Accesorios,97.77718757486011,9,Bogota
2024-04-08,Zapas,Accesorios,135.04978634802654,4,Cartagena
2024-04-08,Reloj,Ropa,115.27685938437443,1,Milan
2024-04-09,Bolso,Accesorios,36.69833335211487,4,Cartagena
2024-04-09,Bolso,Ropa,120.21103411032867,2,Milan
2024-04-09,Gorra,Calzado,35.17048833841857,2,Cartagena
2024-04-09,Camiseta,Accesorios,146.71098074318968,6,Bogota
2024-04-10,Gorra,Ropa,80.91012417991597,9,Milan
2024-04-10,Pantalon,Accesorios,81.73525065580841,5,Quito
2024-04-10,Camiseta,Ropa,115.6675997154803,6,Bogota
2024-04-10,Camiseta,Accesorios,136.6666992460065,3,Milan
2024-04-10,Camiseta,Calzado,73.8855959464716,3,Quito
2024-04-12,Reloj,Calzado,46.22496010293066,5,Milan
2024-04-12,Bolso,Ropa,131.8164861343301,3,Quito
2024-04-12,Zapas,Accesorios,141.16186449340142,4,Arica
2024-04-12,Bolso,Ropa,93.24706055529964,9,Milan
2024-04-13,Bolso,Ropa,80.75039964989483,2,Bogota
2024-04-13,Camiseta,Calzado,81.65085013104806,7,Arica
2024-04-14,Reloj,Accesorios,114.17494743983521,1,Berlin
2024-04-14,Pantalon,Ropa,142.17657295048943,1,Cartagena
2024-04-15,Camiseta,Ropa,34.15938444007509,1,Bogota
2024-04-15,Bolso,Ropa,52.84438221491506,6,Berlin
2024-04-15,Camiseta,Ropa,38.606638121301046,3,Milan
2024-04-16,Gorra,Ropa,67.9999625962865,2,Arica
2024-04-16,Camiseta,Accesorios,119.66529757605278,4,Berlin
2024-04-17,Zapas,Accesorios,24.532470830397237,8,Milan
2024-04-17,Reloj,Calzado,82.54143329038618,4,Milan
2024-04-18,Camiseta,Accesorios,89.45148677693787,3,Cartagena
2024-04-18,Camiseta,Calzado,31.5397612340099,9,Milan
2024-04-20,Gorra,Accesorios,42.16213196260928,1,Milan
2024-04-20,Gorra,Accesorios,45.29258201408913,8,Arica
2024-04-20,Reloj,Ropa,102.54480592683431,4,Cartagena
2024-04-20,Gorra,Accesorios,74.94958474150464,1,Berlin
2024-04-20,Pantalon,Accesorios,120.44095456841973,8,Milan
2024-04-21,Pantalon,Calzado,111.64032145956389,1,Quito
2024-04-21,Camiseta,Accesorios,85.88899613666274,3,Bogota
2024-04-21,Bolso,Ropa,43.96821968826522,8,Berlin
2024-04-21,Pantalon,Accesorios,61.235443179501814,3,Quito
2024-04-22,Bolso,Ropa,130.25665241069487,3,Berlin
2024-04-22,Bolso,Ropa,102.32130073842487,3,Quito
2024-04-22,Bolso,Accesorios,142.77326432504555,8,Arica
2024-04-22,Reloj,Accesorios,60.595332186343484,3,Cartagena
2024-04-22,Gorra,Ropa,136.77401154805176,2,Quito
2024-04-22,Bolso,Calzado,101.0332316176488,1,Cartagena
2024-04-22,Zapas,Calzado,103.58032326985293,9,Cartagena
2024-04-23,Zapas,Accesorios,55.31930623897053,8,Quito
2024-04-23,Camiseta,Accesorios,132.85596575376903,2,Berlin
2024-04-24,Bolso,Ropa,61.69655625695657,3,Cartagena
2024-04-25,Reloj,Ropa,129.17255172935415,2,Bogota
2024-04-25,Pantalon,Calzado,75.48621736513238,6,Milan
2024-04-25,Reloj,Calzado,144.18072065405227,4,Milan
2024-04-26,Pantalon,Calzado,87.09027265767017,4,Bogota
2024-04-26,Reloj,Calzado,23.821277948345948,4,Milan
2024-04-27,Reloj,Ropa,89.2225550327254,7,Berlin
2024-04-27,Zapas,Ropa,31.762620387316595,9,Quito
2024-04-27,Camiseta,Accesorios,141.2549962619131,2,Quito
2024-04-27,Camiseta,Accesorios,63.42115423688092,8,Arica
2024-04-28,Gorra,Accesorios,33.43016442612203,8,Bogota
2024-04-28,Reloj,Accesorios,128.14220472268488,7,Arica
2024-04-29,Camiseta,Accesorios,129.39885584030566,4,Bogota
2024-04-29,Zapas,Accesorios,89.23832752209907,1,Milan
2024-04-30,Pantalon,Accesorios,147.26108663007494,9,Berlin
2024-04-30,Gorra,Ropa,59.267865238523356,3,Cartagena
2024-05-01,Zapas,Accesorios,71.56577092466306,1,Milan
2024-05-01,Bolso,Ropa,43.99606683981429,9,Arica
2024-05-01,Pantalon,Accesorios,105.90661537890259,4,Quito
2024-05-01,Zapas,Accesorios,115.40828946398122,9,Milan
2024-05-01,Camiseta,Ropa,61.87231128851359,7,Milan
2024-05-01,Gorra,Accesorios,108.99430122437833,3,Quito
2024-05-02,Gorra,Accesorios,81.23850885019587,4,Milan
2024-05-03,Zapas,Accesorios,137.07439916073014,6,Arica
2024-05-03,Gorra,Ropa,56.58082487507848,5,Bogota
2024-05-04,Zapas,Ropa,127.40674045321556,6,Quito
2024-05-05,Zapas,Accesorios,144.901471693307,3,Bogota
2024-05-05,Gorra,Ropa,105.11010058607526,4,Berlin
2024-05-05,Gorra,Calzado,50.00779459002157,3,Arica
2024-05-05,Gorra,Calzado,127.98508585348247,4,Berlin
2024-05-05,Zapas,Accesorios,48.672946239902025,8,Arica
2024-05-05,Camiseta,Ropa,40.852013692909374,8,Arica
2024-05-06,Bolso,Accesorios,106.0745613138534,7,Berlin
2024-05-06,Gorra,Accesorios,87.927494912488,9,Berlin
2024-05-06,Camiseta,Calzado,27.599099834112007,1,Berlin
2024-05-07,Reloj,Ropa,44.111478244973924,9,Milan
2024-05-07,Gorra,Ropa,103.06342009345404,6,Bogota
2024-05-07,Gorra,Accesorios,29.8154372945056,8,Quito
2024-05-07,Bolso,Accesorios,54.27889434250014,6,Arica
2024-05-08,Bolso,Accesorios,139.43756789389704,1,Bogota
2024-05-08,Pantalon,Ropa,90.6912580396619,4,Berlin
2024-05-08,Bolso,Ropa,102.30274823646818,6,Quito
2024-05-09,Reloj,Accesorios,64.87497883456582,8,Berlin
2024-05-09,Gorra,Ropa,138.38112046023952,8,Milan
2024-05-10,Zapas,Calzado,55.08845891098534,8,Cartagena
2024-05-10,Gorra,Calzado,132.2573582796844,3,Bogota
2024-05-10,Camiseta,Ropa,123.25762849564012,7,Arica
2024-05-10,Pantalon,Accesorios,136.9567678879825,6,Cartagena
2024-05-11,Gorra,Ropa,81.12373705056646,4,Cartagena
2024-05-12,Pantalon,Ropa,147.07063022092217,9,Berlin
2024-05-12,Pantalon,Calzado,51.989055643739775,2,Milan
2024-05-12,Zapas,Ropa,34.599564773458496,2,Cartagena
2024-05-12,Gorra,Accesorios,50.492968133527725,9,Berlin
2024-05-12,Camiseta,Ropa,144.45197542629631,3,Milan
2024-05-13,Zapas,Accesorios,107.6594948331763,8,Quito
2024-05-13,Gorra,Calzado,112.82769597267767,9,Quito
2024-05-13,Zapas,Ropa,71.41697208037198,7,Berlin
2024-05-14,Gorra,Accesorios,144.56220309051093,1,Bogota
2024-05-14,Zapas,Ropa,90.17153804890229,5,Milan
2024-05-14,Bolso,Accesorios,35.9654016399454,7,Bogota
2024-05-15,Pantalon,Accesorios,77.46316859177148,7,Milan
2024-05-15,Zapas,Accesorios,41.31993252863464,8,Berlin
2024-05-15,Zapas,Ropa,122.71100282613128,7,Bogota
2024-05-16,Zapas,Ropa,45.494702960148864,7,Cartagena
2024-05-16,Bolso,Ropa,86.26415207772075,1,Bogota
2024-05-17,Reloj,Accesorios,71.26749209638552,1,Milan
2024-05-18,Reloj,Accesorios,50.231676587499415,7,Quito
2024-05-18,Bolso,Calzado,104.677737428472,3,Quito
2024-05-19,Pantalon,Accesorios,76.83514152644166,8,Bogota
2024-05-19,Camiseta,Calzado,127.81321266836689,2,Berlin
2024-05-20,Gorra,Accesorios,101.28960582781322,3,Arica
2024-05-20,Gorra,Calzado,46.46517644449155,8,Milan
2024-05-21,Reloj,Accesorios,106.61989515855517,3,Berlin
2024-05-21,Bolso,Accesorios,137.48411573278514,7,Quito
2024-05-22,Camiseta,Calzado,72.6527038804418,3,Arica
2024-05-22,Pantalon,Ropa,148.59403827573666,6,Cartagena
2024-05-22,Zapas,Ropa,131.88216232579543,2,Bogota
2024-05-23,Camiseta,Accesorios,103.85704181001283,4,Cartagena
2024-05-23,Camiseta,Accesorios,33.363012584046544,8,Quito
2024-05-23,Zapas,Ropa,66.00327895296243,4,Cartagena
2024-05-23,Pantalon,Accesorios,138.13117020501784,2,Bogota
2024-05-23,Reloj,Calzado,32.383996034101415,3,Quito
2024-05-23,Pantalon,Accesorios,120.85461565308428,3,Cartagena
2024-05-23,Camiseta,Accesorios,141.1066334814687,8,Milan
2024-05-24,Gorra,Accesorios,69.3166166899151,9,Bogota
2024-05-24,Gorra,Calzado,26.341865617512504,8,Berlin
2024-05-24,Pantalon,Accesorios,104.53824416354901,2,Bogota
2024-05-24,Bolso,Accesorios,26.80405385224608,3,Cartagena
2024-05-24,Zapas,Accesorios,128.01403487442172,7,Bogota
2024-05-25,Reloj,Ropa,143.7014966661925,4,Berlin
2024-05-25,Bolso,Accesorios,71.65926850037212,7,Milan
2024-05-25,Camiseta,Ropa,145.01654567412572,8,Cartagena
2024-05-26,Camiseta,Calzado,74.82914576496663,1,Arica
2024-05-26,Gorra,Ropa,144.0313017501523,1,Bogota
2024-05-26,Zapas,Accesorios,81.56460549656151,9,Bogota
2024-05-26,Zapas,Accesorios,68.47032283456147,6,Bogota
2024-05-26,Bolso,Accesorios,72.68225144359954,6,Bogota
2024-05-26,Bolso,Accesorios,110.44285807046752,9,Milan
2024-05-27,Gorra,Accesorios,84.67043621738577,3,Berlin
2024-05-27,Zapas,Accesorios,130.0118879624764,6,Quito
2024-05-27,Gorra,Ropa,125.95707569231942,4,Cartagena
2024-05-28,Pantalon,Accesorios,69.90012974281352,2,Arica
2024-05-29,Bolso,Accesorios,124.10005932688375,6,Milan
2024-05-29,Bolso,Calzado,53.41614463617038,8,Arica
2024-05-29,Reloj,Ropa,33.87090251474669,3,Cartagena
2024-05-30,Pantalon,Ropa,63.72816029769487,8,Arica
2024-05-30,Camiseta,Accesorios,64.98215379382914,9,Quito
2024-05-30,Camiseta,Accesorios,100.25572846368665,3,Arica
2024-05-30,Zapas,Accesorios,138.53868454478845,9,Quito
2024-05-30,Zapas,Calzado,94.52826916332208,9,Cartagena
2024-05-31,Camiseta,Ropa,98.79324453725901,9,Bogota
2024-05-31,Reloj,Calzado,65.02182991657045,7,Cartagena
2024-05-31,Reloj,Calzado,58.24183653465212,4,Bogota
2024-05-31,Gorra,Ropa,68.33835880103419,2,Milan
2024-05-31,Bolso,Calzado,113.70570252036586,2,Bogota
2024-05-31,Zapas,Calzado,90.17956125806515,6,Milan
2024-06-01,Gorra,Calzado,26.10289642921569,6,Cartagena
2024-06-01,Pantalon,Accesorios,79.75859665894704,6,Bogota
2024-06-02,Bolso,Accesorios,49.72127099824006,6,Quito
2024-06-02,Gorra,Ropa,22.056741929525717,6,Quito
2024-06-02,Camiseta,Accesorios,132.6370267785939,5,Arica
2024-06-03,Pantalon,Accesorios,115.19533493400387,5,Quito
2024-06-03,Bolso,Accesorios,87.92253526709538,7,Quito
2024-06-04,Pantalon,Accesorios,96.4936423342787,6,Milan
2024-06-05,Camiseta,Calzado,99.94353420984508,8,Milan
2024-06-06,Gorra,Accesorios,20.660678176343374,4,Berlin
2024-06-06,Reloj,Accesorios,137.43729564268324,3,Cartagena
2024-06-06,Reloj,Ropa,67.41064242944975,4,Arica
2024-06-08,Gorra,Calzado,113.79927194584774,2,Cartagena
2024-06-08,Zapas,Calzado,105.15121404817411,3,Quito
2024-06-08,Pantalon,Ropa,48.536368260524625,5,Berlin
2024-06-08,Camiseta,Ropa,28.531398794621683,4,Arica
2024-06-08,Gorra,Ropa,71.65135500948773,6,Milan
2024-06-08,Camiseta,Accesorios,131.72405312647658,4,Cartagena
2024-06-08,Zapas,Accesorios,148.53474165420755,4,Berlin
2024-06-09,Reloj,Accesorios,80.05257057482639,8,Milan
2024-06-09,Reloj,Calzado,145.07284214933532,5,Berlin
2024-06-09,Bolso,Ropa,130.03302041089245,3,Arica
2024-06-09,Bolso,Accesorios,69.29971604529405,1,Milan
2024-06-10,Bolso,Accesorios,117.81560914002443,1,Quito
2024-06-10,Pantalon,Calzado,89.74257569299732,4,Arica
2024-06-11,Zapas,Ropa,46.111681682098244,3,Bogota
2024-06-11,Gorra,Accesorios,52.826137459489686,3,Bogota
2024-06-11,Reloj,Ropa,33.40218698178683,6,Quito
2024-06-11,Reloj,Accesorios,68.67659806365486,1,Quito
2024-06-12,Gorra,Ropa,50.507624974001644,4,Bogota
2024-06-12,Reloj,Accesorios,98.2411998760611,6,Arica
2024-06-12,Reloj,Calzado,40.70194597630438,6,Cartagena
2024-06-13,Reloj,Calzado,68.65857972817304,6,Bogota
2024-06-13,Camiseta,Accesorios,82.51749808836803,6,Arica
2024-06-13,Zapas,Ropa,97.35636736105468,6,Quito
2024-06-14,Zapas,Accesorios,143.69221275657884,4,Arica
2024-06-15,Camiseta,Ropa,66.19711873639147,7,Berlin
2024-06-15,Camiseta,Ropa,104.92419250085291,4,Arica
2024-06-16,Gorra,Calzado,88.51313250754207,6,Milan
2024-06-16,Camiseta,Ropa,121.8449543724099,9,Bogota
2024-06-17,Pantalon,Accesorios,124.96593273617896,9,Arica
2024-06-18,Reloj,Calzado,53.83033783369855,6,Cartagena
2024-06-18,Zapas,Accesorios,75.18856527552705,4,Quito
2024-06-18,Camiseta,Ropa,99.59353816455054,9,Arica
2024-06-18,Zapas,Calzado,56.044533940580564,8,Bogota
2024-06-18,Gorra,Calzado,127.26724797006364,4,Quito
2024-06-18,Bolso,Ropa,128.75342572800326,9,Bogota
2024-06-19,Bolso,Accesorios,89.55906346137562,5,Bogota
2024-06-20,Bolso,Accesorios,103.79106458135688,6,Arica
2024-06-20,Camiseta,Accesorios,67.15852630657291,2,Bogota
2024-06-20,Reloj,Accesorios,92.3738060218376,2,Milan
2024-06-20,Reloj,Accesorios,116.75245473962755,8,Berlin
2024-06-21,Zapas,Ropa,39.99284945684404,3,Quito
2024-06-21,Reloj,Calzado,123.0842922987321,6,Berlin
2024-06-21,Reloj,Calzado,74.39197252679486,7,Berlin
2024-06-21,Pantalon,Ropa,148.97733112428742,6,Arica
2024-06-21,Pantalon,Accesorios,96.5120497665219,2,Arica
2024-06-21,Pantalon,Accesorios,98.0792405310107,6,Bogota
2024-06-22,Camiseta,Ropa,82.37157249134562,8,Quito
2024-06-22,Bolso,Ropa,143.15556014203503,5,Arica
2024-06-23,Gorra,Ropa,138.0225969601271,7,Berlin
2024-06-24,Zapas,Ropa,113.02193098045144,7,Cartagena
2024-06-24,Reloj,Ropa,114.13343280550802,3,Arica
2024-06-25,Zapas,Accesorios,78.98017249868676,8,Milan
2024-06-25,Pantalon,Accesorios,37.25290499650606,8,Cartagena
2024-06-25,Zapas,Ropa,22.259372724112353,2,Cartagena
2024-06-25,Camiseta,Accesorios,71.42086090439594,8,Berlin
2024-06-26,Bolso,Calzado,126.44213363642218,6,Cartagena
2024-06-26,Camiseta,Accesorios,107.02075218971697,1,Arica
2024-06-27,Reloj,Calzado,24.40429083205735,2,Quito
2024-06-27,Reloj,Accesorios,40.66197682597834,2,Arica
2024-06-28,Camiseta,Accesorios,88.25409511183486,2,Bogota
2024-06-28,Zapas,Accesorios,41.6290863011954,6,Arica
2024-06-28,Gorra,Accesorios,35.577770262294024,2,Arica
2024-06-28,Camiseta,Accesorios,102.93490313107611,5,Berlin
2024-06-28,Pantalon,Accesorios,145.1444114121337,7,Cartagena
2024-06-29,Pantalon,Accesorios,134.729353156548,9,Bogota
2024-06-29,Bolso,Ropa,89.99219374950238,7,Milan
2024-06-30,Camiseta,Accesorios,22.711948107899953,9,Milan
2024-07-01,Zapas,Calzado,88.00101419563201,4,Arica
2024-07-01,Reloj,Accesorios,97.7825444659155,5,Bogota
2024-07-02,Camiseta,Ropa,91.42385099595893,1,Bogota
2024-07-02,Zapas,Ropa,148.0977505914255,4,Quito
2024-07-02,Zapas,Accesorios,31.651424090142477,5,Arica
2024-07-03,Zapas,Accesorios,92.30362555516841,3,Bogota
2024-07-04,Reloj,Calzado,63.01561718859235,5,Arica
2024-07-04,Zapas,Accesorios,69.93177949386245,1,Milan
2024-07-04,Reloj,Ropa,127.1868260965884,7,Arica
2024-07-05,Reloj,Accesorios,123.97166286965502,2,Arica
2024-07-05,Zapas,Accesorios,126.43191742550026,6,Arica
2024-07-05,Bolso,Accesorios,133.9377298637882,7,Bogota
2024-07-05,Pantalon,Accesorios,80.39781756265532,7,Milan
2024-07-05,Bolso,Accesorios,109.85884148925507,8,Arica
2024-07-06,Reloj,Calzado,44.23264828245873,4,Cartagena
2024-07-06,Camiseta,Ropa,87.62185428423514,9,Arica
2024-07-06,Bolso,Accesorios,75.06759211466277,1,Quito
2024-07-07,Camiseta,Calzado,91.31840533195991,3,Bogota
2024-07-07,Gorra,Accesorios,44.598800172050765,5,Bogota
2024-07-08,Gorra,Accesorios,144.44513418783234,2,Milan
2024-07-08,Reloj,Accesorios,145.77646426979112,6,Bogota
2024-07-08,Camiseta,Accesorios,120.34465747777186,6,Bogota
2024-07-08,Gorra,Calzado,136.66595327645496,7,Quito
2024-07-08,Bolso,Ropa,102.38861328362304,6,Arica
2024-07-08,Bolso,Accesorios,90.62906803722748,4,Berlin
2024-07-09,Zapas,Accesorios,133.96649912211842,9,Cartagena
2024-07-09,Bolso,Accesorios,86.81946281513424,9,Milan
2024-07-09,Zapas,Calzado,84.21759332701214,4,Quito
2024-07-10,Pantalon,Accesorios,77.51329174248704,6,Milan
2024-07-10,Gorra,Accesorios,27.13473990404174,4,Bogota
2024-07-10,Reloj,Ropa,66.70259722911192,1,Bogota
2024-07-10,Gorra,Accesorios,31.851383752804917,4,Berlin
2024-07-10,Bolso,Calzado,148.8208319394608,3,Cartagena
2024-07-10,Bolso,Ropa,134.61282726014554,8,Cartagena
2024-07-10,Pantalon,Ropa,69.45456155026369,7,Quito
2024-07-12,Camiseta,Accesorios,145.80092046692124,4,Arica
2024-07-12,Bolso,Ropa,91.8901888369546,8,Berlin
2024-07-12,Gorra,Accesorios,47.557723817291006,4,Milan
2024-07-13,Pantalon,Accesorios,127.01262202743584,3,Berlin
2024-07-13,Camiseta,Accesorios,71.9876768845403,5,Arica
2024-07-13,Reloj,Accesorios,118.59101381293858,6,Quito
2024-07-14,Zapas,Ropa,116.95881156402535,4,Arica
2024-07-14,Gorra,Ropa,79.46617271058196,3,Bogota
2024-07-15,Pantalon,Accesorios,24.444409572090564,1,Quito
2024-07-15,Zapas,Calzado,115.00783173321392,7,Milan
2024-07-16,Zapas,Calzado,132.40920496436024,8,Bogota
2024-07-16,Pantalon,Accesorios,53.00551332562956,8,Milan
2024-07-16,Zapas,Accesorios,72.33150566760747,5,Arica
2024-07-16,Bolso,Accesorios,146.6911444758531,7,Milan
2024-07-17,Bolso,Calzado,33.85523491672767,6,Quito
2024-07-19,Bolso,Accesorios,98.71996049383476,1,Milan
2024-07-19,Reloj,Ropa,37.19590744629295,7,Bogota
2024-07-19,Gorra,Ropa,50.66778449736056,1,Quito
2024-07-20,Pantalon,Calzado,29.09110874222644,6,Bogota
2024-07-20,Zapas,Accesorios,90.52222264351778,1,Berlin
2024-07-20,Bolso,Ropa,69.24680352239903,2,Cartagena
2024-07-20,Bolso,Accesorios,22.27707881206809,9,Berlin
2024-07-21,Camiseta,Accesorios,61.928637120033976,3,Cartagena
2024-07-21,Bolso,Accesorios,93.55096059565287,9,Milan
2024-07-21,Camiseta,Accesorios,50.652972214697286,1,Cartagena
2024-07-22,Bolso,Accesorios,35.0597013814335,7,Quito
2024-07-23,Zapas,Accesorios,144.10580390432997,1,Milan
2024-07-23,Reloj,Accesorios,142.31379632394842,3,Bogota
2024-07-24,Gorra,Ropa,138.0164248880032,3,Cartagena
2024-07-24,Gorra,Accesorios,116.3899184480759,5,Berlin
2024-07-25,Reloj,Accesorios,58.5930056928365,5,Quito
2024-07-25,Camiseta,Accesorios,138.65743017428673,8,Quito
2024-07-25,Bolso,Ropa,53.394900193942924,8,Cartagena
2024-07-26,Bolso,Accesorios,82.88814245121367,6,Berlin
2024-07-26,Camiseta,Ropa,60.89755238522342,7,Berlin
2024-07-26,Zapas,Ropa,93.5160851519866,9,Berlin
2024-07-30,Gorra,Ropa,66.37516689520021,8,Quito
2024-07-30,Gorra,Accesorios,60.784599855232486,7,Bogota
2024-07-30,Camiseta,Ropa,67.18275533997897,2,Quito
2024-07-31,Bolso,Accesorios,128.67974829155725,9,Cartagena
2024-07-31,Bolso,Accesorios,97.79755115667952,1,Berlin
2024-08-01,Gorra,Accesorios,55.6902330200163,4,Arica
2024-08-01,Bolso,Ropa,122.41268553288401,4,Quito
2024-08-01,Reloj,Accesorios,115.1545487861325,1,Quito
2024-08-02,Pantalon,Ropa,49.97399545465247,2,Arica
2024-08-02,Gorra,Ropa,31.422854461545384,2,Milan
2024-08-02,Gorra,Ropa,83.22647265942902,9,Bogota
2024-08-02,Bolso,Ropa,138.2381864232164,2,Milan
2024-08-02,Camiseta,Calzado,110.11521230694852,4,Bogota
2024-08-03,Gorra,Ropa,77.95281889503977,2,Arica
2024-08-03,Camiseta,Accesorios,49.56143071402464,5,Bogota
2024-08-04,Pantalon,Ropa,87.82490606270771,4,Bogota
2024-08-04,Gorra,Ropa,64.52815343321063,1,Bogota
2024-08-04,Camiseta,Ropa,147.9656829623775,1,Milan
2024-08-04,Gorra,Accesorios,93.15753722463974,8,Cartagena
2024-08-04,Zapas,Accesorios,92.59364743581573,4,Berlin
2024-08-04,Reloj,Calzado,100.04646285249157,5,Arica
2024-08-05,Camiseta,Accesorios,131.9388425967138,9,Milan
2024-08-05,Pantalon,Accesorios,68.97039705828384,8,Quito
2024-08-05,Gorra,Calzado,82.50880715157956,6,Bogota
2024-08-05,Pantalon,Accesorios,42.72054756755903,3,Berlin
2024-08-05,Camiseta,Accesorios,118.10258794181516,7,Milan
2024-08-07,Bolso,Ropa,53.629482990728036,2,Arica
2024-08-07,Pantalon,Ropa,89.35655028896043,5,Milan
2024-08-07,Bolso,Ropa,78.4263985777859,9,Quito
2024-08-07,Pantalon,Accesorios,101.21896523562263,8,Bogota
2024-08-07,Zapas,Ropa,42.64513375517298,9,Berlin
2024-08-07,Camiseta,Accesorios,85.14988989366127,1,Quito
2024-08-07,Bolso,Accesorios,104.52175555761966,9,Quito
2024-08-08,Gorra,Accesorios,126.78729464128264,8,Arica
2024-08-09,Camiseta,Ropa,146.8203710387583,9,Quito
2024-08-09,Zapas,Ropa,76.9624050335584,6,Berlin
2024-08-09,Camiseta,Calzado,76.19130190602661,3,Quito
2024-08-10,Camiseta,Accesorios,94.69635970130966,8,Bogota
2024-08-10,Zapas,Ropa,29.103861747171234,2,Arica
2024-08-10,Gorra,Accesorios,114.15709005643355,4,Berlin
2024-08-10,Gorra,Ropa,120.22795802917761,7,Berlin
2024-08-10,Camiseta,Accesorios,66.51417562067527,9,Arica
2024-08-11,Bolso,Ropa,44.109653707965066,5,Berlin
2024-08-11,Camiseta,Accesorios,67.19769758536177,3,Quito
2024-08-11,Zapas,Accesorios,71.87597299782445,4,Milan
2024-08-11,Camiseta,Accesorios,82.38662060696953,1,Arica
2024-08-12,Pantalon,Ropa,24.449654406668785,1,Berlin
2024-08-12,Gorra,Accesorios,88.45520066570819,7,Berlin
2024-08-12,Reloj,Calzado,98.82822277633882,2,Quito
2024-08-12,Reloj,Accesorios,64.10526196650483,6,Milan
2024-08-13,Camiseta,Accesorios,97.5431117481048,9,Arica
2024-08-13,Reloj,Accesorios,92.25485558683336,4,Quito
2024-08-13,Zapas,Accesorios,115.8334292509416,3,Arica
2024-08-14,Camiseta,Accesorios,39.975544960944646,1,Arica
2024-08-14,Bolso,Ropa,64.6628617208415,3,Quito
2024-08-14,Gorra,Accesorios,102.23026931941979,6,Bogota
2024-08-14,Bolso,Calzado,34.854749007239406,7,Bogota
2024-08-14,Pantalon,Accesorios,73.6631615788778,4,Bogota
2024-08-15,Reloj,Calzado,118.1289165923102,1,Berlin
2024-08-15,Zapas,Accesorios,52.8286116698045,5,Berlin
2024-08-16,Camiseta,Accesorios,107.30259766969485,2,Berlin
2024-08-16,Zapas,Accesorios,104.3797056432711,6,Berlin
2024-08-16,Pantalon,Ropa,134.77781498787,1,Milan
2024-08-16,Bolso,Ropa,72.69032380114663,7,Milan
2024-08-16,Pantalon,Accesorios,41.029347475774244,5,Quito
2024-08-17,Reloj,Calzado,110.11277748940022,5,Quito
2024-08-17,Camiseta,Ropa,58.8486652238508,4,Berlin
2024-08-18,Bolso,Calzado,97.06555891494494,7,Cartagena
2024-08-18,Gorra,Calzado,56.086332441824354,1,Quito
2024-08-18,Reloj,Ropa,55.39924111363893,3,Berlin
2024-08-18,Bolso,Accesorios,79.6685684422117,9,Bogota
2024-08-18,Bolso,Ropa,33.55210558673524,8,Berlin
2024-08-20,Bolso,Ropa,113.84539163050155,4,Milan
2024-08-20,Pantalon,Ropa,95.4617508731677,3,Arica
2024-08-20,Bolso,Ropa,124.89051936513619,3,Bogota
2024-08-20,Bolso,Ropa,88.93446724253702,5,Arica
2024-08-20,Zapas,Calzado,143.40988361750954,3,Cartagena
2024-08-20,Reloj,Ropa,20.33592192984771,6,Milan
2024-08-20,Bolso,Ropa,28.987262204260528,1,Cartagena
2024-08-20,Camiseta,Accesorios,132.70918880149804,5,Milan
2024-08-21,Bolso,Calzado,135.3698627267554,6,Berlin
2024-08-22,Camiseta,Accesorios,25.35385438630532,6,Bogota
2024-08-22,Camiseta,Calzado,69.40968616183669,1,Milan
2024-08-23,Pantalon,Ropa,121.59688262768394,8,Arica
2024-08-23,Camiseta,Accesorios,140.33772801449254,5,Berlin
2024-08-23,Pantalon,Accesorios,20.16076836872323,3,Berlin
2024-08-24,Gorra,Accesorios,33.75843219771592,4,Cartagena
2024-08-24,Pantalon,Accesorios,92.44969795570623,7,Arica
2024-08-24,Gorra,Calzado,113.10327971528378,1,Milan
2024-08-25,Bolso,Calzado,54.43640814077534,4,Cartagena
2024-08-25,Reloj,Calzado,92.77976060014782,1,Milan
2024-08-25,Reloj,Accesorios,147.47498402339846,3,Bogota
2024-08-26,Bolso,Ropa,97.44759466456436,6,Berlin
2024-08-26,Zapas,Ropa,130.6526539108602,8,Quito
2024-08-26,Camiseta,Calzado,109.17580567778793,4,Cartagena
2024-08-26,Camiseta,Calzado,132.86090452670112,3,Berlin
2024-08-26,Reloj,Calzado,36.148595674647716,8,Quito
2024-08-27,Pantalon,Ropa,121.63274287985382,3,Quito
2024-08-27,Camiseta,Accesorios,48.343003974231245,9,Berlin
2024-08-27,Bolso,Ropa,82.29381982766799,5,Quito
2024-08-28,Gorra,Ropa,48.61263783054262,4,Milan
2024-08-29,Reloj,Ropa,129.25881281600135,6,Milan
2024-08-29,Pantalon,Ropa,90.57041037974315,5,Quito
2024-08-29,Gorra,Ropa,103.20038568879879,5,Cartagena
2024-08-29,Gorra,Accesorios,24.069300787177113,9,Arica
2024-08-30,Pantalon,Ropa,56.3614600012923,9,Milan
2024-08-30,Reloj,Accesorios,65.42030987641328,1,Bogota
2024-08-31,Reloj,Calzado,78.7533181688751,3,Arica
2024-09-02,Camiseta,Ropa,130.8668368199472,3,Cartagena
2024-09-02,Camiseta,Ropa,122.54490764319675,5,Arica
2024-09-03,Bolso,Accesorios,138.34408326747945,1,Milan
2024-09-03,Reloj,Accesorios,127.28719407027658,4,Cartagena
2024-09-03,Zapas,Accesorios,97.2714616997109,3,Berlin
2024-09-03,Gorra,Accesorios,20.66887219811292,2,Arica
2024-09-03,Bolso,Ropa,125.78961748154623,1,Bogota
2024-09-03,Camiseta,Accesorios,121.368640722444,2,Berlin
2024-09-05,Zapas,Calzado,41.62310900660848,8,Bogota
2024-09-05,Bolso,Accesorios,92.36281753177325,7,Arica
2024-09-05,Bolso,Calzado,90.50727644736598,7,Arica
2024-09-05,Pantalon,Accesorios,90.62026475269455,7,Berlin
2024-09-06,Zapas,Ropa,149.13380185662172,5,Arica
2024-09-06,Camiseta,Ropa,112.11436059834182,5,Milan
2024-09-06,Bolso,Accesorios,43.33465204509834,1,Cartagena
2024-09-07,Bolso,Ropa,49.2111530064484,1,Arica
2024-09-07,Pantalon,Accesorios,137.17883444649777,2,Berlin
2024-09-08,Camiseta,Accesorios,120.88002691460584,8,Quito
2024-09-08,Camiseta,Ropa,74.86468774158936,7,Milan
2024-09-08,Zapas,Ropa,73.16417302111412,4,Quito
2024-09-08,Camiseta,Accesorios,49.55562779389831,2,Bogota
2024-09-08,Gorra,Accesorios,76.37519341433055,1,Bogota
2024-09-08,Reloj,Accesorios,91.30496381469197,8,Berlin
2024-09-08,Pantalon,Accesorios,84.75179795643075,4,Quito
2024-09-09,Pantalon,Accesorios,132.34810309764197,9,Cartagena
2024-09-09,Reloj,Accesorios,26.2523037153314,7,Bogota
2024-09-09,Zapas,Accesorios,99.68274273252877,8,Berlin
2024-09-09,Camiseta,Calzado,46.80420138739544,7,Cartagena
2024-09-09,Reloj,Accesorios,145.22076494721716,2,Milan
2024-09-09,Reloj,Accesorios,74.27579092362598,4,Quito
2024-09-10,Gorra,Accesorios,22.39560343596827,6,Cartagena
2024-09-10,Camiseta,Calzado,128.8202687913938,4,Cartagena
2024-09-10,Reloj,Calzado,65.70022094744844,2,Quito
2024-09-11,Bolso,Accesorios,139.39911424210914,8,Berlin
2024-09-11,Gorra,Ropa,132.95708132027423,7,Berlin
2024-09-11,Bolso,Accesorios,43.67392804680583,6,Bogota
2024-09-12,Gorra,Ropa,90.18775913528762,3,Arica
2024-09-12,Pantalon,Ropa,148.74437073443102,4,Cartagena
2024-09-13,Camiseta,Accesorios,89.59655323954591,9,Quito
2024-09-13,Pantalon,Accesorios,139.98483013380303,5,Cartagena
2024-09-13,Gorra,Ropa,29.710274308521022,1,Cartagena
2024-09-14,Pantalon,Ropa,69.86959385273083,9,Cartagena
2024-09-14,Reloj,Calzado,116.97668832133336,3,Cartagena
2024-09-15,Bolso,Accesorios,57.52912741898295,7,Quito
2024-09-15,Bolso,Accesorios,73.03798439742981,5,Berlin
2024-09-15,Bolso,Accesorios,106.14076627108165,1,Berlin
2024-09-15,Camiseta,Accesorios,88.85601822516054,4,Bogota
2024-09-15,Bolso,Ropa,53.18984821469614,3,Quito
2024-09-16,Zapas,Ropa,127.48905488254407,8,Cartagena
2024-09-16,Camiseta,Calzado,46.59079711203023,1,Berlin
2024-09-17,Gorra,Accesorios,30.051738513542343,5,Arica
2024-09-18,Reloj,Ropa,70.85206959044937,1,Cartagena
2024-09-18,Zapas,Accesorios,136.5728576792159,8,Quito
2024-09-19,Camiseta,Accesorios,120.21847901835517,7,Milan
2024-09-20,Camiseta,Ropa,126.83483770714129,8,Bogota
2024-09-20,Camiseta,Ropa,134.22178499854698,5,Bogota
2024-09-20,Reloj,Accesorios,118.81223019695263,6,Bogota
2024-09-20,Bolso,Ropa,98.10379803748575,9,Berlin
2024-09-20,Camiseta,Ropa,80.23949726803059,7,Arica
2024-09-20,Gorra,Accesorios,25.741506902313024,1,Berlin
2024-09-21,Camiseta,Accesorios,118.41770478945904,8,Milan
2024-09-21,Pantalon,Accesorios,76.09865860773755,7,Arica
2024-09-23,Camiseta,Accesorios,62.006985419136214,2,Berlin
2024-09-23,Pantalon,Accesorios,84.25560051797528,4,Arica
2024-09-24,Camiseta,Accesorios,44.221714334235685,8,Quito
2024-09-24,Camiseta,Accesorios,62.11870794388395,1,Cartagena
2024-09-24,Reloj,Accesorios,142.75947254451788,5,Arica
2024-09-24,Gorra,Accesorios,104.56651421292305,9,Bogota
2024-09-24,Gorra,Accesorios,20.160138571635365,9,Cartagena
2024-09-25,Pantalon,Ropa,115.57764508804885,8,Milan
2024-09-26,Bolso,Accesorios,79.41002850661818,4,Bogota
2024-09-27,Zapas,Accesorios,90.18188282466878,3,Bogota
2024-09-27,Reloj,Ropa,50.63992698844997,4,Berlin
2024-09-27,Gorra,Accesorios,97.20480268252685,6,Milan
2024-09-27,Pantalon,Calzado,83.85422431292145,2,Milan
2024-09-28,Camiseta,Calzado,131.53821300995173,8,Berlin
2024-09-28,Camiseta,Accesorios,110.8687959451464,5,Berlin
2024-09-29,Gorra,Accesorios,55.24916674502403,8,Quito
2024-09-29,Reloj,Accesorios,20.4350270655873,5,Quito
2024-09-29,Pantalon,Accesorios,113.01381792290567,5,Bogota
2024-09-29,Pantalon,Calzado,62.370310313769735,3,Berlin
2024-09-30,Zapas,Accesorios,72.15442882506775,1,Cartagena
2024-09-30,Camiseta,Accesorios,70.89267432619525,2,Milan
2024-10-01,Zapas,Accesorios,25.676015501956954,5,Quito
2024-10-01,Bolso,Ropa,34.23095180707901,9,Bogota
2024-10-01,Gorra,Accesorios,82.31607721792074,1,Quito
2024-10-03,Gorra,Calzado,87.76908676376402,2,Arica
2024-10-03,Camiseta,Ropa,123.14294355921885,4,Milan
2024-10-03,Reloj,Calzado,81.51731535057334,6,Milan
2024-10-03,Reloj,Accesorios,46.65023530692085,7,Berlin
2024-10-03,Pantalon,Ropa,81.29921981332666,8,Berlin
2024-10-03,Bolso,Accesorios,122.42725847799444,3,Cartagena
2024-10-04,Zapas,Ropa,80.51110114009786,9,Milan
2024-10-05,Bolso,Ropa,94.27146244954463,6,Milan
2024-10-05,Camiseta,Ropa,52.18019422843877,4,Arica
2024-10-06,Pantalon,Accesorios,144.6797232933236,9,Arica
2024-10-06,Pantalon,Calzado,72.5831084586406,6,Berlin
2024-10-06,Pantalon,Ropa,77.97457991134179,2,Milan
2024-10-06,Bolso,Accesorios,86.61949526464981,1,Berlin
2024-10-06,Zapas,Accesorios,95.4984369395526,4,Cartagena
2024-10-07,Bolso,Accesorios,141.23668822528288,4,Arica
2024-10-07,Camiseta,Calzado,113.29265216812183,5,Bogota
2024-10-08,Zapas,Accesorios,120.09281103271826,5,Milan
2024-10-08,Bolso,Accesorios,146.641401721642,6,Quito
2024-10-08,Zapas,Accesorios,95.41458986041084,4,Cartagena
2024-10-09,Camiseta,Calzado,24.270067131646986,1,Berlin
2024-10-09,Zapas,Accesorios,82.97179818462527,4,Milan
2024-10-09,Zapas,Accesorios,36.34639653486435,3,Arica
2024-10-09,Reloj,Calzado,96.47428840609103,5,Arica
2024-10-09,Reloj,Ropa,124.09747029319574,1,Cartagena
2024-10-10,Bolso,Ropa,101.2468783166368,2,Bogota
2024-10-10,Gorra,Ropa,115.03307728957661,7,Bogota
2024-10-10,Camiseta,Accesorios,88.59420491882216,2,Bogota
2024-10-10,Zapas,Accesorios,143.8443229450332,3,Arica
2024-10-11,Reloj,Ropa,120.46696140218458,1,Quito
2024-10-11,Gorra,Accesorios,118.3626544920415,3,Berlin
2024-10-11,Reloj,Accesorios,81.97041175535068,3,Cartagena
2024-10-12,Gorra,Accesorios,33.38759231307102,3,Berlin
2024-10-12,Zapas,Ropa,104.6975306842944,9,Arica
2024-10-12,Gorra,Calzado,41.897770068553555,7,Cartagena
2024-10-12,Pantalon,Accesorios,26.720588841398506,8,Berlin
2024-10-12,Gorra,Calzado,60.67113134572638,4,Milan
2024-10-14,Gorra,Accesorios,71.77735991683262,7,Arica
2024-10-14,Reloj,Accesorios,106.70629720881794,2,Bogota
2024-10-14,Bolso,Accesorios,128.9173455868219,8,Bogota
2024-10-15,Camiseta,Accesorios,28.959800117738443,7,Arica
2024-10-15,Pantalon,Calzado,109.77283021793328,4,Bogota
2024-10-15,Gorra,Ropa,56.834583274525606,6,Quito
2024-10-15,Bolso,Ropa,32.08078876932069,9,Berlin
2024-10-15,Pantalon,Ropa,96.00719105753653,9,Cartagena
2024-10-16,Pantalon,Ropa,143.14872547332394,4,Cartagena
2024-10-16,Gorra,Accesorios,51.88711919319349,5,Milan
2024-10-18,Camiseta,Accesorios,81.47595553231368,6,Arica
2024-10-18,Bolso,Accesorios,116.75627852734422,5,Arica
2024-10-19,Zapas,Accesorios,99.02627119325363,4,Milan
2024-10-19,Reloj,Calzado,85.79398213007761,8,Quito
2024-10-20,Pantalon,Accesorios,141.28194872299412,9,Cartagena
2024-10-20,Gorra,Calzado,83.021187729545,6,Milan
2024-10-20,Gorra,Ropa,67.7042902966241,3,Bogota
2024-10-20,Gorra,Ropa,90.93929550441155,6,Arica
2024-10-21,Bolso,Calzado,31.300251943545412,8,Milan
2024-10-22,Reloj,Ropa,21.586399401345787,5,Arica
2024-10-24,Bolso,Accesorios,128.95390521317847,4,Bogota
2024-10-25,Reloj,Accesorios,58.61037393913469,5,Milan
2024-10-26,Zapas,Calzado,79.39162383444793,2,Milan
2024-10-26,Reloj,Ropa,49.069876484520464,2,Milan
2024-10-27,Pantalon,Accesorios,62.77226691590609,5,Milan
2024-10-27,Pantalon,Accesorios,66.90042748437799,1,Berlin
2024-10-27,Gorra,Ropa,38.08510523859805,7,Quito
2024-10-28,Pantalon,Ropa,132.84706192919808,4,Cartagena
2024-10-28,Camiseta,Accesorios,124.5170073221167,3,Quito
2024-10-29,Zapas,Ropa,68.83739274462445,9,Bogota
2024-10-29,Camiseta,Calzado,148.270087446431,8,Quito
2024-10-29,Bolso,Accesorios,102.1620131826544,5,Berlin
2024-10-29,Zapas,Ropa,66.6896338566101,8,Bogota
2024-10-30,Pantalon,Accesorios,85.29748517012892,8,Berlin
2024-10-30,Pantalon,Accesorios,28.872461696031905,4,Bogota
2024-10-30,Bolso,Accesorios,34.98666276214697,3,Milan
2024-10-30,Pantalon,Accesorios,31.271677542083868,3,Arica
2024-10-30,Bolso,Calzado,37.5501660647569,3,Bogota
2024-10-31,Bolso,Accesorios,97.64562941594433,5,Quito
2024-10-31,Camiseta,Ropa,76.83150054618744,6,Berlin
2024-11-01,Pantalon,Accesorios,34.18425212954747,8,Cartagena
2024-11-01,Bolso,Calzado,77.77452885765621,4,Arica
2024-11-01,Gorra,Accesorios,70.91191827024629,9,Quito
2024-11-02,Pantalon,Ropa,101.1332007436389,7,Arica
2024-11-02,Camiseta,Accesorios,94.02765730925505,9,Quito
2024-11-03,Camiseta,Accesorios,85.05789018699639,5,Milan
2024-11-03,Pantalon,Accesorios,38.20241002585837,5,Cartagena
2024-11-03,Reloj,Accesorios,62.77667749808323,6,Arica
2024-11-04,Camiseta,Accesorios,130.59456980213912,9,Berlin
2024-11-05,Zapas,Accesorios,112.82833068906984,5,Milan
2024-11-05,Zapas,Accesorios,20.68299641259004,4,Arica
2024-11-06,Gorra,Accesorios,51.07719318564453,3,Berlin
2024-11-06,Pantalon,Accesorios,24.604907894410857,4,Quito
2024-11-06,Reloj,Accesorios,41.109646306101716,3,Arica
2024-11-07,Pantalon,Ropa,96.4475891517103,3,Bogota
2024-11-07,Reloj,Calzado,50.047018615594055,8,Arica
2024-11-07,Zapas,Ropa,98.41852332773838,7,Berlin
2024-11-08,Camiseta,Accesorios,134.1258506753726,4,Berlin
2024-11-08,Camiseta,Accesorios,123.73861187863983,9,Milan
2024-11-09,Bolso,Accesorios,140.43842506666243,4,Quito
2024-11-09,Gorra,Ropa,101.8711299894999,2,Bogota
2024-11-09,Bolso,Accesorios,46.046688661332645,2,Cartagena
2024-11-10,Gorra,Ropa,124.69094575652767,5,Berlin
2024-11-10,Camiseta,Ropa,89.19184854741889,5,Arica
2024-11-10,Bolso,Ropa,119.9179746225061,6,Cartagena
2024-11-11,Bolso,Accesorios,78.3410845980824,5,Bogota
2024-11-11,Pantalon,Accesorios,28.660484610806208,6,Milan
2024-11-11,Bolso,Calzado,144.33404068272523,9,Berlin
2024-11-12,Zapas,Accesorios,101.73942636677286,8,Berlin
2024-11-12,Zapas,Ropa,56.901088719123855,2,Berlin
2024-11-12,Pantalon,Ropa,31.315065136395624,5,Milan
2024-11-12,Zapas,Accesorios,45.03787361213196,2,Quito
2024-11-13,Bolso,Ropa,49.55644901249284,1,Bogota
2024-11-13,Gorra,Accesorios,137.84678352779542,3,Arica
2024-11-13,Pantalon,Accesorios,38.34064034110276,6,Quito
2024-11-13,Camiseta,Accesorios,85.71602428378439,7,Quito
2024-11-14,Zapas,Ropa,39.46151583440451,3,Quito
2024-11-14,Pantalon,Calzado,145.0758564369665,2,Quito
2024-11-15,Bolso,Ropa,35.829048446285725,8,Arica
2024-11-15,Zapas,Accesorios,22.603426270357183,6,Berlin
2024-11-15,Pantalon,Accesorios,112.79171913119238,7,Cartagena
2024-11-16,Gorra,Accesorios,134.9458671570954,4,Cartagena
2024-11-16,Zapas,Accesorios,114.22745278362758,1,Berlin
2024-11-17,Gorra,Calzado,70.83555919756267,9,Berlin
2024-11-17,Pantalon,Accesorios,72.20543073531337,1,Quito
2024-11-18,Camiseta,Accesorios,33.28517056018347,8,Bogota
2024-11-18,Pantalon,Calzado,20.030878064864996,2,Bogota
2024-11-18,Gorra,Ropa,31.510643379770357,6,Bogota
2024-11-19,Gorra,Ropa,94.77123556456124,8,Berlin
2024-11-19,Reloj,Accesorios,34.850930369651586,9,Milan
2024-11-20,Zapas,Ropa,42.587951789983684,5,Bogota
2024-11-20,Zapas,Accesorios,116.41930274972653,9,Milan
2024-11-20,Bolso,Ropa,130.8139056958242,4,Quito
2024-11-21,Zapas,Accesorios,86.98223016091437,9,Bogota
2024-11-21,Gorra,Accesorios,68.55625879499038,9,Cartagena
2024-11-21,Zapas,Accesorios,108.81390133791258,3,Bogota
2024-11-21,Reloj,Ropa,94.49538576101041,6,Quito
2024-11-22,Camiseta,Ropa,82.30626071491736,5,Arica
2024-11-22,Gorra,Calzado,114.3924261881121,6,Quito
2024-11-22,Bolso,Ropa,75.48255769377742,5,Arica
2024-11-23,Pantalon,Ropa,41.51766634774767,3,Quito
2024-11-24,Bolso,Accesorios,95.07321521779635,5,Berlin
2024-11-25,Pantalon,Accesorios,117.09384309765696,6,Milan
2024-11-25,Reloj,Calzado,60.57924737053812,3,Berlin
2024-11-25,Camiseta,Accesorios,127.36969955398656,3,Arica
2024-11-26,Bolso,Accesorios,63.46716547036268,1,Bogota
2024-11-26,Gorra,Ropa,38.04722054746265,9,Berlin
2024-11-26,Pantalon,Calzado,35.29437370156262,8,Cartagena
2024-11-26,Gorra,Calzado,107.15010958607358,5,Berlin
2024-11-30,Camiseta,Calzado,130.13175697843465,5,Milan
2024-11-30,Pantalon,Accesorios,126.43555052965512,6,Arica
2024-11-30,Gorra,Accesorios,101.63350686044265,2,Berlin
2024-11-30,Bolso,Ropa,103.53487596313465,2,Cartagena
2024-12-01,Bolso,Ropa,104.18457364224798,5,Cartagena
2024-12-01,Pantalon,Accesorios,107.11248449942242,6,Bogota
2024-12-02,Reloj,Accesorios,50.580626024258024,2,Bogota
2024-12-02,Zapas,Ropa,131.4568119720248,9,Quito
2024-12-03,Camiseta,Ropa,115.18399519967811,7,Quito
2024-12-03,Camiseta,Accesorios,96.31802200114963,8,Bogota
2024-12-03,Camiseta,Accesorios,97.87381742105245,8,Milan
2024-12-03,Bolso,Accesorios,20.304120781351173,6,Berlin
2024-12-04,Zapas,Ropa,25.29803379202146,9,Cartagena
2024-12-04,Camiseta,Accesorios,38.96986962456891,9,Bogota
2024-12-05,Pantalon,Ropa,119.49631653861128,5,Arica
2024-12-05,Camiseta,Accesorios,126.79668316296733,6,Quito
2024-12-05,Camiseta,Ropa,110.18328896243399,5,Arica
2024-12-05,Camiseta,Accesorios,64.76988516575031,1,Berlin
2024-12-05,Zapas,Accesorios,87.76043722309346,8,Quito
2024-12-06,Bolso,Accesorios,146.50270724914503,2,Bogota
2024-12-06,Bolso,Accesorios,21.179412604854246,5,Arica
2024-12-06,Gorra,Accesorios,62.68955962506054,2,Cartagena
2024-12-07,Pantalon,Accesorios,87.37384766793099,5,Bogota
2024-12-07,Zapas,Calzado,127.9835273075812,9,Quito
2024-12-07,Pantalon,Calzado,64.544953455719,2,Berlin
2024-12-07,Pantalon,Ropa,31.920913564485918,5,Cartagena
2024-12-07,Reloj,Accesorios,97.12622428032324,3,Quito
2024-12-07,Zapas,Calzado,39.44548354678355,6,Quito
2024-12-08,Reloj,Accesorios,127.26395308494577,5,Bogota
2024-12-09,Pantalon,Accesorios,73.1073780816692,5,Milan
2024-12-09,Camiseta,Accesorios,33.287646349275946,1,Berlin
2024-12-10,Bolso,Ropa,127.63231533307395,1,Cartagena
2024-12-10,Zapas,Calzado,53.28201914097609,8,Bogota
2024-12-11,Pantalon,Calzado,144.62153305071865,3,Berlin
2024-12-11,Reloj,Accesorios,63.266052168622956,8,Quito
2024-12-11,Camiseta,Ropa,27.997213411100557,8,Milan
2024-12-11,Camiseta,Accesorios,86.97277214338511,7,Bogota
2024-12-11,Gorra,Ropa,84.12599008189395,2,Bogota
2024-12-11,Pantalon,Accesorios,28.73280198904231,8,Berlin
2024-12-11,Zapas,Calzado,95.09215403190113,9,Bogota
2024-12-12,Camiseta,Accesorios,118.71476262997258,8,Milan
2024-12-13,Bolso,Calzado,85.62983464609232,6,Milan
2024-12-13,Pantalon,Ropa,65.31457674145616,9,Cartagena
2024-12-13,Reloj,Accesorios,50.813621424083706,8,Berlin
2024-12-13,Pantalon,Ropa,117.92200869716861,5,Bogota
2024-12-14,Reloj,Ropa,61.68348498073686,2,Arica
2024-12-14,Gorra,Ropa,126.93590386851761,5,Arica
2024-12-14,Zapas,Accesorios,134.27929242965712,8,Bogota
2024-12-14,Reloj,Calzado,94.41560872635054,7,Quito
2024-12-14,Gorra,Accesorios,29.87134334805087,1,Quito
2024-12-15,Gorra,Accesorios,28.204174300289523,2,Quito
2024-12-15,Reloj,Ropa,125.23889684989743,2,Quito
2024-12-15,Zapas,Accesorios,81.96798768294789,5,Bogota
2024-12-15,Camiseta,Accesorios,64.41768524659972,8,Cartagena
2024-12-16,Bolso,Ropa,98.51452336942663,2,Milan
2024-12-16,Zapas,Calzado,40.301299822982614,2,Cartagena
2024-12-17,Bolso,Accesorios,113.62633561219845,5,Cartagena
2024-12-17,Pantalon,Accesorios,146.97428102613526,5,Quito
2024-12-17,Bolso,Accesorios,121.4644419809914,3,Berlin
2024-12-19,Gorra,Ropa,28.448233232776225,1,Berlin
2024-12-20,Zapas,Accesorios,49.93200189562309,5,Bogota
2024-12-20,Zapas,Accesorios,130.78515933511102,4,Quito
2024-12-20,Pantalon,Accesorios,49.3202185176856,1,Bogota
2024-12-20,Reloj,Accesorios,34.230787828284974,3,Milan
2024-12-22,Reloj,Ropa,96.4249682443503,9,Milan
2024-12-22,Zapas,Accesorios,129.21579535635846,9,Arica
2024-12-22,Reloj,Accesorios,46.48116240591565,9,Quito
2024-12-23,Reloj,Calzado,145.23508826665187,2,Arica
2024-12-23,Reloj,Ropa,21.173952536841533,1,Quito
2024-12-24,Reloj,Accesorios,91.72393738371417,8,Arica
2024-12-24,Pantalon,Accesorios,96.31886913775374,6,Arica
2024-12-25,Zapas,Accesorios,81.511606136746,8,Bogota
2024-12-25,Gorra,Accesorios,117.81240560504695,5,Milan
2024-12-25,Pantalon,Accesorios,24.887580516813912,2,Milan
2024-12-25,Gorra,Accesorios,52.59498587300771,5,Arica
2024-12-25,Camiseta,Ropa,95.52116692416371,6,Quito
2024-12-25,Zapas,Calzado,46.72537508883288,4,Quito
2024-12-26,Pantalon,Calzado,40.90731098016471,7,Cartagena
2024-12-26,Pantalon,Ropa,115.59553882654784,5,Cartagena
2024-12-28,Pantalon,Ropa,103.8876788783432,9,Milan
2024-12-29,Pantalon,Ropa,96.47986785335738,5,Arica
2024-12-29,Reloj,Accesorios,41.01743073908435,9,Cartagena
2024-12-30,Bolso,Calzado,77.01893814363999,7,Cartagena
2024-12-30,Gorra,Accesorios,51.67537308830266,5,Milan
2024-12-30,Pantalon,Ropa,26.7074548656323,5,Bogota
2024-12-30,Zapas,Accesorios,55.48471873132094,7,Arica
2024-12-30,Reloj,Ropa,43.401356871454055,7,Cartagena
2024-12-30,Pantalon,Ropa,114.18719068182035,6,Arica
2024-12-31,Bolso,Calzado,30.10949473026442,1,Quito
2024-12-31,Pantalon,Ropa,34.704276479954494,6,Milan
